"File","Category","CategoryName","ConfigVarName","ConfigKeyName","EnglishText","LocalizationKey"
"Attack_Config.cs","Attack","Attack Tree","AttackRootRequiredPoints","Tier0_AttackExpert_RequiredPoints","Tier 0: Attack Expert (attack_root) - Required Points","config_t_i_e_r0__a_t_t_a_c_k_e_x_p_e_r_t__r_e_q_u_i_r_e_d_p_o_i_n_t_s"
"Attack_Config.cs","Attack","Attack Tree","AttackStep1RequiredPoints","Tier1_BaseAttack_RequiredPoints","Tier 1: Base Attack (atk_base) - Required Points","config_t_i_e_r1__b_a_s_e_a_t_t_a_c_k__r_e_q_u_i_r_e_d_p_o_i_n_t_s"
"Attack_Config.cs","Attack","Attack Tree","AttackStep2RequiredPoints","Tier2_WeaponSpec_RequiredPoints","Tier 2: Weapon Specialization Skills - Required Points","config_t_i_e_r2__w_e_a_p_o_n_s_p_e_c__r_e_q_u_i_r_e_d_p_o_i_n_t_s"
"Attack_Config.cs","Attack","Attack Tree","AttackStep3RequiredPoints","Tier3_AttackBoost_RequiredPoints","Tier 3: Attack Boost (atk_twohand_drain) - Required Points","config_t_i_e_r3__a_t_t_a_c_k_b_o_o_s_t__r_e_q_u_i_r_e_d_p_o_i_n_t_s"
"Attack_Config.cs","Attack","Attack Tree","AttackStep4RequiredPoints","Tier4_DetailEnhance_RequiredPoints","Tier 4: Detail Enhancement (Melee/Precision) - Required Points","config_t_i_e_r4__d_e_t_a_i_l_e_n_h_a_n_c_e__r_e_q_u_i_r_e_d_p_o_i_n_t_s"
"Attack_Config.cs","Attack","Attack Tree","AttackStep4RangedRequiredPoints","Tier4_RangedEnhance_RequiredPoints","Tier 4: Ranged Enhancement (atk_ranged_enhance) - Required Points","config_t_i_e_r4__r_a_n_g_e_d_e_n_h_a_n_c_e__r_e_q_u_i_r_e_d_p_o_i_n_t_s"
"Attack_Config.cs","Attack","Attack Tree","AttackStep5RequiredPoints","Tier5_SpecialStat_RequiredPoints","Tier 5: Specialized Stats (atk_special) - Required Points","config_t_i_e_r5__s_p_e_c_i_a_l_s_t_a_t__r_e_q_u_i_r_e_d_p_o_i_n_t_s"
"Attack_Config.cs","Attack","Attack Tree","AttackStep6RequiredPoints","Tier6_FinalSpec_RequiredPoints","Tier 6: Final Specialization Skills - Required Points","config_t_i_e_r6__f_i_n_a_l_s_p_e_c__r_e_q_u_i_r_e_d_p_o_i_n_t_s"
"Attack_Config.cs","Attack","Attack Tree","AttackRootDamageBonus","Tier0_AttackExpert_AllDamageBonus","[Server Sync] Tier 0: Attack Expert (attack_root) - All Damage Bonus (%)","config_t_i_e_r0__a_t_t_a_c_k_e_x_p_e_r_t__a_l_l_d_a_m_a_g_e_b_o_n_u_s"
"Attack_Config.cs","Attack","Attack Tree","AttackMeleeBonusChance","Tier2_MeleeSpec_BonusTriggerChance","Tier 2: Melee Spec (attack_step2_melee) - Bonus Trigger Chance (%)","config_t_i_e_r2__m_e_l_e_e_s_p_e_c__b_o_n_u_s_t_r_i_g_g_e_r_c_h_a_n_c_e"
"Attack_Config.cs","Attack","Attack Tree","AttackMeleeBonusDamage","Tier2_MeleeSpec_MeleeDamage","Tier 2: Melee Spec (attack_step2_melee) - Melee Damage (%)","config_t_i_e_r2__m_e_l_e_e_s_p_e_c__m_e_l_e_e_d_a_m_a_g_e"
"Attack_Config.cs","Attack","Attack Tree","AttackBowBonusChance","Tier2_BowSpec_BonusTriggerChance","Tier 2: Bow Spec (attack_step2_bow) - Bonus Trigger Chance (%)","config_t_i_e_r2__b_o_w_s_p_e_c__b_o_n_u_s_t_r_i_g_g_e_r_c_h_a_n_c_e"
"Attack_Config.cs","Attack","Attack Tree","AttackBowBonusDamage","Tier2_BowSpec_BowDamage","Tier 2: Bow Spec (attack_step2_bow) - Bow Damage (%)","config_t_i_e_r2__b_o_w_s_p_e_c__b_o_w_d_a_m_a_g_e"
"Attack_Config.cs","Attack","Attack Tree","AttackCrossbowBonusChance","Tier2_CrossbowSpec_EnhanceTriggerChance","Tier 2: Crossbow Spec (attack_step2_crossbow) - Enhance Trigger Chance (%)","config_t_i_e_r2__c_r_o_s_s_b_o_w_s_p_e_c__e_n_h_a_n_c_e_t_r_i_g_g_e_r_c_h_a_n_c_e"
"Attack_Config.cs","Attack","Attack Tree","AttackCrossbowBonusDamage","Tier2_CrossbowSpec_CrossbowDamage","Tier 2: Crossbow Spec (attack_step2_crossbow) - Crossbow Damage (%)","config_t_i_e_r2__c_r_o_s_s_b_o_w_s_p_e_c__c_r_o_s_s_b_o_w_d_a_m_a_g_e"
"Attack_Config.cs","Attack","Attack Tree","AttackStaffBonusChance","Tier2_StaffSpec_ElementalTriggerChance","Tier 2: Staff Spec (attack_step2_staff) - Elemental Trigger Chance (%)","config_t_i_e_r2__s_t_a_f_f_s_p_e_c__e_l_e_m_e_n_t_a_l_t_r_i_g_g_e_r_c_h_a_n_c_e"
"Attack_Config.cs","Attack","Attack Tree","AttackStaffBonusDamage","Tier2_StaffSpec_StaffDamage","Tier 2: Staff Spec (attack_step2_staff) - Staff Damage (%)","config_t_i_e_r2__s_t_a_f_f_s_p_e_c__s_t_a_f_f_d_a_m_a_g_e"
"Attack_Config.cs","Attack","Attack Tree","AttackBasePhysicalDamage","Tier3_BaseAttack_PhysicalDamageBonus","Tier 3: Base Attack (attack_step3_base) - Physical Damage Bonus","config_t_i_e_r3__b_a_s_e_a_t_t_a_c_k__p_h_y_s_i_c_a_l_d_a_m_a_g_e_b_o_n_u_s"
"Attack_Config.cs","Attack","Attack Tree","AttackBaseElementalDamage","Tier3_BaseAttack_ElementalDamageBonus","Tier 3: Base Attack (attack_step3_base) - Elemental Damage Bonus","config_t_i_e_r3__b_a_s_e_a_t_t_a_c_k__e_l_e_m_e_n_t_a_l_d_a_m_a_g_e_b_o_n_u_s"
"Attack_Config.cs","Attack","Attack Tree","AttackStatBonus","Tier3_AttackBoost_StrIntBonus","Tier 3: Attack Boost (atk_twohand_drain) - Strength & Intelligence Bonus","config_t_i_e_r3__a_t_t_a_c_k_b_o_o_s_t__s_t_r_i_n_t_b_o_n_u_s"
"Attack_Config.cs","Attack","Attack Tree","AttackTwoHandDrainPhysicalDamage","Tier3_AttackBoost_PhysicalDamageBonus","Tier 3: Attack Boost (atk_twohand_drain) - Physical Damage Bonus","config_t_i_e_r3__a_t_t_a_c_k_b_o_o_s_t__p_h_y_s_i_c_a_l_d_a_m_a_g_e_b_o_n_u_s"
"Attack_Config.cs","Attack","Attack Tree","AttackTwoHandDrainElementalDamage","Tier3_AttackBoost_ElementalDamageBonus","Tier 3: Attack Boost (atk_twohand_drain) - Elemental Damage Bonus","config_t_i_e_r3__a_t_t_a_c_k_b_o_o_s_t__e_l_e_m_e_n_t_a_l_d_a_m_a_g_e_b_o_n_u_s"
"Attack_Config.cs","Attack","Attack Tree","AttackCritChance","Tier4_PrecisionAttack_CritChance","Tier 4: Precision Attack (attack_step4_crit) - Crit Chance (%)","config_t_i_e_r4__p_r_e_c_i_s_i_o_n_a_t_t_a_c_k__c_r_i_t_c_h_a_n_c_e"
"Attack_Config.cs","Attack","Attack Tree","AttackMeleeEnhancement","Tier4_MeleeEnhance_2HitComboBonus","Tier 4: Melee Enhancement (attack_step4_melee_enhance) - 2-Hit Combo Bonus (%)","config_t_i_e_r4__m_e_l_e_e_e_n_h_a_n_c_e_2_h_i_t_c_o_m_b_o_b_o_n_u_s"
"Attack_Config.cs","Attack","Attack Tree","AttackRangedEnhancement","Tier4_RangedEnhance_RangedDamageBonus","Tier 4: Ranged Enhancement (attack_step4_ranged_enhance) - Ranged Damage Bonus (%)","config_t_i_e_r4__r_a_n_g_e_d_e_n_h_a_n_c_e__r_a_n_g_e_d_d_a_m_a_g_e_b_o_n_u_s"
"Attack_Config.cs","Attack","Attack Tree","AttackSpecialStat","Tier5_SpecialStat_SpecBonus","Tier 5: Specialized Stats (attack_step5_special) - Specialization Bonus","config_t_i_e_r5__s_p_e_c_i_a_l_s_t_a_t__s_p_e_c_b_o_n_u_s"
"Attack_Config.cs","Attack","Attack Tree","AttackCritDamageBonus","Tier6_WeakPointAttack_CritDamageBonus","Tier 6: Weak Point Attack (attack_step6_crit_damage) - Crit Damage Bonus (%)","config_t_i_e_r6__w_e_a_k_p_o_i_n_t_a_t_t_a_c_k__c_r_i_t_d_a_m_a_g_e_b_o_n_u_s"
"Attack_Config.cs","Attack","Attack Tree","AttackTwoHandedBonus","Tier6_TwoHandCrush_TwoHandDamageBonus","Tier 6: Two-Hand Crush (attack_step6_twohanded) - Two-Handed Weapon Damage Bonus (%)","config_t_i_e_r6__t_w_o_h_a_n_d_c_r_u_s_h__t_w_o_h_a_n_d_d_a_m_a_g_e_b_o_n_u_s"
"Attack_Config.cs","Attack","Attack Tree","AttackStaffElemental","Tier6_ElementalAttack_ElementalBonus","Tier 6: Elemental Attack (attack_step6_elemental) - Elemental Bonus (Bow, Staff) (%)","config_t_i_e_r6__e_l_e_m_e_n_t_a_l_a_t_t_a_c_k__e_l_e_m_e_n_t_a_l_b_o_n_u_s"
"Attack_Config.cs","Attack","Attack Tree","AttackFinisherMeleeBonus","Tier6_ComboFinisher_3HitComboBonus","Tier 6: Combo Finisher (attack_step6_finisher) - 3-Hit Combo Bonus (%)","config_t_i_e_r6__c_o_m_b_o_f_i_n_i_s_h_e_r_3_h_i_t_c_o_m_b_o_b_o_n_u_s"
"Speed_Config.cs","Speed","Speed Tree","SpeedRootRequiredPoints","Tier0_SpeedExpert_RequiredPoints","Tier 0: Speed Expert (speed_root) - Required Points","config_t_i_e_r0__s_p_e_e_d_e_x_p_e_r_t__r_e_q_u_i_r_e_d_p_o_i_n_t_s"
"Speed_Config.cs","Speed","Speed Tree","SpeedStep1RequiredPoints","Tier1_AgilityBase_RequiredPoints","Tier 1: Agility Base (speed_base) - Required Points","config_t_i_e_r1__a_g_i_l_i_t_y_b_a_s_e__r_e_q_u_i_r_e_d_p_o_i_n_t_s"
"Speed_Config.cs","Speed","Speed Tree","SpeedStep2RequiredPoints","Tier2_WeaponSpec_RequiredPoints","Tier 2: Weapon Specialization Skills - Required Points","config_t_i_e_r2__w_e_a_p_o_n_s_p_e_c__r_e_q_u_i_r_e_d_p_o_i_n_t_s"
"Speed_Config.cs","Speed","Speed Tree","SpeedStep3RequiredPoints","Tier3_Practitioner_RequiredPoints","Tier 3: Practitioner Skills - Required Points","config_t_i_e_r3__p_r_a_c_t_i_t_i_o_n_e_r__r_e_q_u_i_r_e_d_p_o_i_n_t_s"
"Speed_Config.cs","Speed","Speed Tree","SpeedStep4RequiredPoints","Tier4_Master_RequiredPoints","Tier 4: Master Skills - Required Points","config_t_i_e_r4__m_a_s_t_e_r__r_e_q_u_i_r_e_d_p_o_i_n_t_s"
"Speed_Config.cs","Speed","Speed Tree","SpeedStep5RequiredPoints","Tier5_JumpMaster_RequiredPoints","Tier 5: Jump Master (agility_peak) - Required Points","config_t_i_e_r5__j_u_m_p_m_a_s_t_e_r__r_e_q_u_i_r_e_d_p_o_i_n_t_s"
"Speed_Config.cs","Speed","Speed Tree","SpeedStep6RequiredPoints","Tier6_Stats_RequiredPoints","Tier 6: Stats Skills - Required Points","config_t_i_e_r6__s_t_a_t_s__r_e_q_u_i_r_e_d_p_o_i_n_t_s"
"Speed_Config.cs","Speed","Speed Tree","SpeedStep7RequiredPoints","Tier7_Master_RequiredPoints","Tier 7: Master (all_master) - Required Points","config_t_i_e_r7__m_a_s_t_e_r__r_e_q_u_i_r_e_d_p_o_i_n_t_s"
"Speed_Config.cs","Speed","Speed Tree","SpeedStep8RequiredPoints","Tier8_FinalAcceleration_RequiredPoints","Tier 8: Final Acceleration Skills - Required Points","config_t_i_e_r8__f_i_n_a_l_a_c_c_e_l_e_r_a_t_i_o_n__r_e_q_u_i_r_e_d_p_o_i_n_t_s"
"Speed_Config.cs","Speed","Speed Tree","SpeedRootMoveSpeed","Tier0_SpeedExpert_MoveSpeedBonus","Tier 0: Speed Expert - Move Speed Bonus (%)","config_t_i_e_r0__s_p_e_e_d_e_x_p_e_r_t__m_o_v_e_s_p_e_e_d_b_o_n_u_s"
"Speed_Config.cs","Speed","Speed Tree","SpeedBaseDodgeMoveSpeed","Tier1_AgilityBase_DodgeMoveSpeedBonus","Tier 1: Agility Base - Move Speed Bonus After Dodge (%)","config_t_i_e_r1__a_g_i_l_i_t_y_b_a_s_e__d_o_d_g_e_m_o_v_e_s_p_e_e_d_b_o_n_u_s"
"Speed_Config.cs","Speed","Speed Tree","SpeedBaseDodgeDuration","Tier1_AgilityBase_BuffDuration","Tier 1: Agility Base - Dodge Buff Duration (sec)","config_t_i_e_r1__a_g_i_l_i_t_y_b_a_s_e__b_u_f_f_d_u_r_a_t_i_o_n"
"Speed_Config.cs","Speed","Speed Tree","SpeedMeleeComboAttackSpeed","Tier2_MeleeFlow_AttackSpeedBonus","Tier 2: Melee Flow - Attack Speed Bonus on 2-Hit Combo (%)","config_t_i_e_r2__m_e_l_e_e_f_l_o_w__a_t_t_a_c_k_s_p_e_e_d_b_o_n_u_s"
"Speed_Config.cs","Speed","Speed Tree","SpeedMeleeComboStamina","Tier2_MeleeFlow_StaminaReduction","Tier 2: Melee Flow - Stamina Reduction on 2-Hit Combo (%)","config_t_i_e_r2__m_e_l_e_e_f_l_o_w__s_t_a_m_i_n_a_r_e_d_u_c_t_i_o_n"
"Speed_Config.cs","Speed","Speed Tree","SpeedMeleeComboDuration","Tier2_MeleeFlow_Duration","Tier 2: Melee Flow - Buff Duration (sec)","config_t_i_e_r2__m_e_l_e_e_f_l_o_w__d_u_r_a_t_i_o_n"
"Speed_Config.cs","Speed","Speed Tree","SpeedCrossbowExpertSpeed","Tier2_CrossbowExpert_MoveSpeedBonus","Tier 2: Crossbow Expert - Move Speed Bonus on Hit (%)","config_t_i_e_r2__c_r_o_s_s_b_o_w_e_x_p_e_r_t__m_o_v_e_s_p_e_e_d_b_o_n_u_s"
"Speed_Config.cs","Speed","Speed Tree","SpeedCrossbowExpertDuration","Tier2_CrossbowExpert_BuffDuration","Tier 2: Crossbow Expert - Buff Duration (sec)","config_t_i_e_r2__c_r_o_s_s_b_o_w_e_x_p_e_r_t__b_u_f_f_d_u_r_a_t_i_o_n"
"Speed_Config.cs","Speed","Speed Tree","SpeedCrossbowExpertReload","Tier2_CrossbowExpert_ReloadSpeedBonus","Tier 2: Crossbow Expert - Reload Speed Bonus During Buff (%)","config_t_i_e_r2__c_r_o_s_s_b_o_w_e_x_p_e_r_t__r_e_l_o_a_d_s_p_e_e_d_b_o_n_u_s"
"Speed_Config.cs","Speed","Speed Tree","SpeedBowExpertStamina","Tier2_BowExpert_StaminaReduction","Tier 2: Bow Expert - Stamina Reduction on 2-Hit Combo (%)","config_t_i_e_r2__b_o_w_e_x_p_e_r_t__s_t_a_m_i_n_a_r_e_d_u_c_t_i_o_n"
"Speed_Config.cs","Speed","Speed Tree","SpeedBowExpertDrawSpeed","Tier2_BowExpert_NextDrawSpeedBonus","Tier 2: Bow Expert - Next Arrow Draw Speed Bonus (%)","config_t_i_e_r2__b_o_w_e_x_p_e_r_t__n_e_x_t_d_r_a_w_s_p_e_e_d_b_o_n_u_s"
"Speed_Config.cs","Speed","Speed Tree","SpeedStaffCastMoveSpeed","Tier2_MobileCast_MoveSpeedBonus","Tier 2: Mobile Cast - Move Speed Bonus While Casting (%)","config_t_i_e_r2__m_o_b_i_l_e_c_a_s_t__m_o_v_e_s_p_e_e_d_b_o_n_u_s"
"Speed_Config.cs","Speed","Speed Tree","SpeedStaffCastEitrReduction","Tier2_MobileCast_EitrReduction","Tier 2: Mobile Cast - Eitr Cost Reduction (%)","config_t_i_e_r2__m_o_b_i_l_e_c_a_s_t__e_i_t_r_r_e_d_u_c_t_i_o_n"
"Speed_Config.cs","Speed","Speed Tree","SpeedEx1MeleeSkill","Tier3_Practitioner1_MeleeSkillBonus","Tier 3: Practitioner 1 - Melee Weapon Skill Bonus","config_t_i_e_r3__p_r_a_c_t_i_t_i_o_n_e_r1__m_e_l_e_e_s_k_i_l_l_b_o_n_u_s"
"Speed_Config.cs","Speed","Speed Tree","SpeedEx1CrossbowSkill","Tier3_Practitioner1_CrossbowSkillBonus","Tier 3: Practitioner 1 - Crossbow Skill Bonus","config_t_i_e_r3__p_r_a_c_t_i_t_i_o_n_e_r1__c_r_o_s_s_b_o_w_s_k_i_l_l_b_o_n_u_s"
"Speed_Config.cs","Speed","Speed Tree","SpeedEx2StaffSkill","Tier3_Practitioner2_StaffSkillBonus","Tier 3: Practitioner 2 - Staff Skill Bonus","config_t_i_e_r3__p_r_a_c_t_i_t_i_o_n_e_r2__s_t_a_f_f_s_k_i_l_l_b_o_n_u_s"
"Speed_Config.cs","Speed","Speed Tree","SpeedEx2BowSkill","Tier3_Practitioner2_BowSkillBonus","Tier 3: Practitioner 2 - Bow Skill Bonus","config_t_i_e_r3__p_r_a_c_t_i_t_i_o_n_e_r2__b_o_w_s_k_i_l_l_b_o_n_u_s"
"Speed_Config.cs","Speed","Speed Tree","SpeedFoodEfficiency","Tier4_Energizer_FoodConsumptionReduction","Tier 4: Energizer - Food Consumption Rate Reduction (%)","config_t_i_e_r4__e_n_e_r_g_i_z_e_r__f_o_o_d_c_o_n_s_u_m_p_t_i_o_n_r_e_d_u_c_t_i_o_n"
"Speed_Config.cs","Speed","Speed Tree","SpeedShipBonus","Tier4_Captain_ShipSpeedBonus","Tier 4: Captain - Ship Speed Bonus (%)","config_t_i_e_r4__c_a_p_t_a_i_n__s_h_i_p_s_p_e_e_d_b_o_n_u_s"
"Speed_Config.cs","Speed","Speed Tree","JumpSkillLevelBonus","Tier5_JumpMaster_JumpSkillBonus","Tier 5: Jump Master - Jump Skill Bonus","config_t_i_e_r5__j_u_m_p_m_a_s_t_e_r__j_u_m_p_s_k_i_l_l_b_o_n_u_s"
"Speed_Config.cs","Speed","Speed Tree","JumpStaminaReduction","Tier5_JumpMaster_JumpStaminaReduction","Tier 5: Jump Master - Jump Stamina Reduction (%)","config_t_i_e_r5__j_u_m_p_m_a_s_t_e_r__j_u_m_p_s_t_a_m_i_n_a_r_e_d_u_c_t_i_o_n"
"Speed_Config.cs","Speed","Speed Tree","SpeedDexterityAttackSpeedBonus","Tier6_Dexterity_MeleeAttackSpeedBonus","Tier 6: Dexterity - Melee Attack Speed Bonus (%)","config_t_i_e_r6__d_e_x_t_e_r_i_t_y__m_e_l_e_e_a_t_t_a_c_k_s_p_e_e_d_b_o_n_u_s"
"Speed_Config.cs","Speed","Speed Tree","SpeedDexterityMoveSpeedBonus","Tier6_Dexterity_MoveSpeedBonus","Tier 6: Dexterity - Move Speed Bonus (%)","config_t_i_e_r6__d_e_x_t_e_r_i_t_y__m_o_v_e_s_p_e_e_d_b_o_n_u_s"
"Speed_Config.cs","Speed","Speed Tree","SpeedEnduranceStaminaBonus","Tier6_Endurance_StaminaMaxBonus","Tier 6: Endurance - Max Stamina Bonus","config_t_i_e_r6__e_n_d_u_r_a_n_c_e__s_t_a_m_i_n_a_m_a_x_b_o_n_u_s"
"Speed_Config.cs","Speed","Speed Tree","SpeedIntellectEitrBonus","Tier6_Intellect_EitrMaxBonus","Tier 6: Intellect - Max Eitr Bonus","config_t_i_e_r6__i_n_t_e_l_l_e_c_t__e_i_t_r_m_a_x_b_o_n_u_s"
"Speed_Config.cs","Speed","Speed Tree","AllMasterRunSkill","Tier7_Master_RunSkillBonus","Tier 7: Master - Run Skill Bonus","config_t_i_e_r7__m_a_s_t_e_r__r_u_n_s_k_i_l_l_b_o_n_u_s"
"Speed_Config.cs","Speed","Speed Tree","AllMasterJumpSkill","Tier7_Master_JumpSkillBonus","Tier 7: Master - Jump Skill Bonus","config_t_i_e_r7__m_a_s_t_e_r__j_u_m_p_s_k_i_l_l_b_o_n_u_s"
"Speed_Config.cs","Speed","Speed Tree","SpeedMeleeAttackSpeed","Tier8_MeleeAccel_AttackSpeedBonus","Tier 8: Melee Acceleration - Melee Attack Speed Bonus (%)","config_t_i_e_r8__m_e_l_e_e_a_c_c_e_l__a_t_t_a_c_k_s_p_e_e_d_b_o_n_u_s"
"Speed_Config.cs","Speed","Speed Tree","SpeedMeleeComboTripleBonus","Tier8_MeleeAccel_TripleComboBonus","Tier 8: Melee Acceleration - Next Attack Speed Bonus on 3-Hit Combo (%)","config_t_i_e_r8__m_e_l_e_e_a_c_c_e_l__t_r_i_p_l_e_c_o_m_b_o_b_o_n_u_s"
"Speed_Config.cs","Speed","Speed Tree","SpeedCrossbowDrawSpeed","Tier8_CrossbowAccel_ReloadSpeed","Tier 8: Crossbow Acceleration - Reload Speed Bonus (%)","config_t_i_e_r8__c_r_o_s_s_b_o_w_a_c_c_e_l__r_e_l_o_a_d_s_p_e_e_d"
"Speed_Config.cs","Speed","Speed Tree","SpeedCrossbowReloadMoveSpeed","Tier8_CrossbowAccel_ReloadMoveSpeed","Tier 8: Crossbow Acceleration - Move Speed During Reload (%)","config_t_i_e_r8__c_r_o_s_s_b_o_w_a_c_c_e_l__r_e_l_o_a_d_m_o_v_e_s_p_e_e_d"
"Speed_Config.cs","Speed","Speed Tree","SpeedBowDrawSpeed","Tier8_BowAccel_DrawSpeed","Tier 8: Bow Acceleration - Draw Speed Bonus (%)","config_t_i_e_r8__b_o_w_a_c_c_e_l__d_r_a_w_s_p_e_e_d"
"Speed_Config.cs","Speed","Speed Tree","SpeedBowDrawMoveSpeed","Tier8_BowAccel_DrawMoveSpeed","Tier 8: Bow Acceleration - Move Speed While Drawing (%)","config_t_i_e_r8__b_o_w_a_c_c_e_l__d_r_a_w_m_o_v_e_s_p_e_e_d"
"Speed_Config.cs","Speed","Speed Tree","SpeedStaffCastSpeedFinal","Tier8_CastAccel_MagicAttackSpeed","Tier 8: Cast Acceleration - Magic Attack Speed Bonus (%)","config_t_i_e_r8__c_a_s_t_a_c_c_e_l__m_a_g_i_c_a_t_t_a_c_k_s_p_e_e_d"
"Speed_Config.cs","Speed","Speed Tree","SpeedStaffTripleEitrRecovery","Tier8_CastAccel_TripleEitrRecovery","Tier 8: Cast Acceleration - Eitr Max Recovery Rate on 3-Hit Combo (%)","config_t_i_e_r8__c_a_s_t_a_c_c_e_l__t_r_i_p_l_e_e_i_t_r_r_e_c_o_v_e_r_y"
"Speed_Config.cs","Speed","Speed Tree","SpeedBaseAttackSpeed","Tier1_AgilityBase_AttackSpeedBonus","Tier 1: Agility Base - Attack Speed Bonus (%)","config_t_i_e_r1__a_g_i_l_i_t_y_b_a_s_e__a_t_t_a_c_k_s_p_e_e_d_b_o_n_u_s"
"Speed_Config.cs","Speed","Speed Tree","SpeedBaseDodgeSpeed","Tier1_AgilityBase_DodgeSpeedBonus","Tier 1: Agility Base - Dodge Speed Bonus (%)","config_t_i_e_r1__a_g_i_l_i_t_y_b_a_s_e__d_o_d_g_e_s_p_e_e_d_b_o_n_u_s"
"Speed_Config.cs","Speed","Speed Tree","SpeedBaseMoveSpeed","Tier0_SpeedExpert_BaseMoveSpeedBonus","Tier 0: Speed Expert - Base Move Speed Bonus (%)","config_t_i_e_r0__s_p_e_e_d_e_x_p_e_r_t__b_a_s_e_m_o_v_e_s_p_e_e_d_b_o_n_u_s"
"Speed_Config.cs","Speed","Speed Tree","SpeedMeleeComboSpeed","Tier2_MeleeFlow_ComboSpeedBonus","Tier 2: Melee Flow - Melee Combo Speed Bonus (%)","config_t_i_e_r2__m_e_l_e_e_f_l_o_w__c_o_m_b_o_s_p_e_e_d_b_o_n_u_s"
"Speed_Config.cs","Speed","Speed Tree","SpeedBowExpertDuration","Tier2_BowExpert_BuffDuration","Tier 2: Bow Expert - Buff Duration (sec)","config_t_i_e_r2__b_o_w_e_x_p_e_r_t__b_u_f_f_d_u_r_a_t_i_o_n"
"Speed_Config.cs","Speed","Speed Tree","SpeedStaffCastSpeed","Tier2_MobileCast_CastMoveSpeed","Tier 2: Mobile Cast - Move Speed While Staff Casting (%)","config_t_i_e_r2__m_o_b_i_l_e_c_a_s_t__c_a_s_t_m_o_v_e_s_p_e_e_d"
"Speed_Config.cs","Speed","Speed Tree","SpeedCooldownReduction","Tier0_SpeedExpert_CooldownReduction","Tier 0: Speed Expert - Cooldown Reduction (sec)","config_t_i_e_r0__s_p_e_e_d_e_x_p_e_r_t__c_o_o_l_d_o_w_n_r_e_d_u_c_t_i_o_n"
"Defense_Config.cs","Defense","Defense Tree","DefenseRootRequiredPoints","Tier0_DefenseExpert_RequiredPoints","Tier 0: Defense Expert (defense_root) - Required Points","config_t_i_e_r0__d_e_f_e_n_s_e_e_x_p_e_r_t__r_e_q_u_i_r_e_d_p_o_i_n_t_s"
"Defense_Config.cs","Defense","Defense Tree","DefenseStep1RequiredPoints","Tier1_SkinHardening_RequiredPoints","Tier 1: Skin Hardening (defense_Step1_survival) - Required Points","config_t_i_e_r1__s_k_i_n_h_a_r_d_e_n_i_n_g__r_e_q_u_i_r_e_d_p_o_i_n_t_s"
"Defense_Config.cs","Defense","Defense Tree","DefenseStep2RequiredPoints","Tier2_MindBodyHealth_RequiredPoints","Tier 2: Mind-Body Training / Health Training - Required Points","config_t_i_e_r2__m_i_n_d_b_o_d_y_h_e_a_l_t_h__r_e_q_u_i_r_e_d_p_o_i_n_t_s"
"Defense_Config.cs","Defense","Defense Tree","DefenseStep3RequiredPoints","Tier3_CoreDodgeBoostShield_RequiredPoints","Tier 3: Core Breathing / Dodge Training / Health Boost / Shield Training - Required Points","config_t_i_e_r3__c_o_r_e_d_o_d_g_e_b_o_o_s_t_s_h_i_e_l_d__r_e_q_u_i_r_e_d_p_o_i_n_t_s"
"Defense_Config.cs","Defense","Defense Tree","DefenseStep4RequiredPoints","Tier4_ShockwaveStompRock_RequiredPoints","Tier 4: Shockwave Release / Ground Stomp / Rock Skin - Required Points","config_t_i_e_r4__s_h_o_c_k_w_a_v_e_s_t_o_m_p_r_o_c_k__r_e_q_u_i_r_e_d_p_o_i_n_t_s"
"Defense_Config.cs","Defense","Defense Tree","DefenseStep5RequiredPoints","Tier5_EndureAgileRegenParry_RequiredPoints","Tier 5: Endurance / Agility / Troll Regen / Block Master - Required Points","config_t_i_e_r5__e_n_d_u_r_e_a_g_i_l_e_r_e_g_e_n_p_a_r_r_y__r_e_q_u_i_r_e_d_p_o_i_n_t_s"
"Defense_Config.cs","Defense","Defense Tree","DefenseStep6RequiredPoints","Tier6_FinalSkills_RequiredPoints","Tier 6: Final Skills - Required Points","config_t_i_e_r6__f_i_n_a_l_s_k_i_l_l_s__r_e_q_u_i_r_e_d_p_o_i_n_t_s"
"Defense_Config.cs","Defense","Defense Tree","DefenseRootHealthBonus","Tier0_DefenseExpert_HPBonus","Tier 0: Defense Expert (defense_root) - Health Bonus","config_t_i_e_r0__d_e_f_e_n_s_e_e_x_p_e_r_t__h_p_b_o_n_u_s"
"Defense_Config.cs","Defense","Defense Tree","DefenseRootArmorBonus","Tier0_DefenseExpert_ArmorBonus","Tier 0: Defense Expert (defense_root) - Armor Bonus","config_t_i_e_r0__d_e_f_e_n_s_e_e_x_p_e_r_t__a_r_m_o_r_b_o_n_u_s"
"Defense_Config.cs","Defense","Defense Tree","SurvivalHealthBonus","Tier1_SkinHardening_HPBonus","Tier 1: Skin Hardening (defense_Step1_survival) - Health Bonus","config_t_i_e_r1__s_k_i_n_h_a_r_d_e_n_i_n_g__h_p_b_o_n_u_s"
"Defense_Config.cs","Defense","Defense Tree","SurvivalArmorBonus","Tier1_SkinHardening_ArmorBonus","Tier 1: Skin Hardening (defense_Step1_survival) - Armor Bonus","config_t_i_e_r1__s_k_i_n_h_a_r_d_e_n_i_n_g__a_r_m_o_r_b_o_n_u_s"
"Defense_Config.cs","Defense","Defense Tree","DodgeStaminaBonus","Tier2_MindBodyTraining_StaminaBonus","Tier 2: Mind-Body Training (defense_Step2_dodge) - Stamina Bonus","config_t_i_e_r2__m_i_n_d_b_o_d_y_t_r_a_i_n_i_n_g__s_t_a_m_i_n_a_b_o_n_u_s"
"Defense_Config.cs","Defense","Defense Tree","DodgeEitrBonus","Tier2_MindBodyTraining_EitrBonus","Tier 2: Mind-Body Training (defense_Step2_dodge) - Eitr Bonus","config_t_i_e_r2__m_i_n_d_b_o_d_y_t_r_a_i_n_i_n_g__e_i_t_r_b_o_n_u_s"
"Defense_Config.cs","Defense","Defense Tree","HealthBonus","Tier2_HealthTraining_HPBonus","Tier 2: Health Training (defense_Step2_health) - Health Bonus","config_t_i_e_r2__h_e_a_l_t_h_t_r_a_i_n_i_n_g__h_p_b_o_n_u_s"
"Defense_Config.cs","Defense","Defense Tree","HealthArmorBonus","Tier2_HealthTraining_ArmorBonus","Tier 2: Health Training (defense_Step2_health) - Armor Bonus","config_t_i_e_r2__h_e_a_l_t_h_t_r_a_i_n_i_n_g__a_r_m_o_r_b_o_n_u_s"
"Defense_Config.cs","Defense","Defense Tree","BreathEitrBonus","Tier3_CoreBreathing_EitrBonus","Tier 3: Core Breathing (defense_Step3_breath) - Eitr Bonus","config_t_i_e_r3__c_o_r_e_b_r_e_a_t_h_i_n_g__e_i_t_r_b_o_n_u_s"
"Defense_Config.cs","Defense","Defense Tree","AgileDodgeBonus","Tier3_EvasionTraining_DodgeBonus","Tier 3: Evasion Training (defense_Step3_agile) - Dodge Rate Bonus (%)","config_t_i_e_r3__e_v_a_s_i_o_n_t_r_a_i_n_i_n_g__d_o_d_g_e_b_o_n_u_s"
"Defense_Config.cs","Defense","Defense Tree","AgileInvincibilityBonus","Tier3_EvasionTraining_InvincibilityBonus","Tier 3: Evasion Training (defense_Step3_agile) - Roll Invincibility Bonus (%)","config_t_i_e_r3__e_v_a_s_i_o_n_t_r_a_i_n_i_n_g__i_n_v_i_n_c_i_b_i_l_i_t_y_b_o_n_u_s"
"Defense_Config.cs","Defense","Defense Tree","BoostHealthBonus","Tier3_HealthBoost_HPBonus","Tier 3: Health Boost (defense_Step3_boost) - Health Bonus","config_t_i_e_r3__h_e_a_l_t_h_b_o_o_s_t__h_p_b_o_n_u_s"
"Defense_Config.cs","Defense","Defense Tree","ShieldTrainingBlockPowerBonus","Tier3_ShieldTraining_BlockPowerBonus","Tier 3: Shield Training (defense_Step3_shield) - Shield Block Power Bonus","config_t_i_e_r3__s_h_i_e_l_d_t_r_a_i_n_i_n_g__b_l_o_c_k_p_o_w_e_r_b_o_n_u_s"
"Defense_Config.cs","Defense","Defense Tree","StompRadius","Tier4_GroundStomp_Radius","Tier 4: Ground Stomp (defense_Step4_instant) - Effect Radius (meters)","config_t_i_e_r4__g_r_o_u_n_d_s_t_o_m_p__r_a_d_i_u_s"
"Defense_Config.cs","Defense","Defense Tree","StompKnockback","Tier4_GroundStomp_KnockbackForce","Tier 4: Ground Stomp (defense_Step4_instant) - Knockback Force","config_t_i_e_r4__g_r_o_u_n_d_s_t_o_m_p__k_n_o_c_k_b_a_c_k_f_o_r_c_e"
"Defense_Config.cs","Defense","Defense Tree","StompCooldown","Tier4_GroundStomp_Cooldown","Tier 4: Ground Stomp (defense_Step4_instant) - Cooldown (seconds)","config_t_i_e_r4__g_r_o_u_n_d_s_t_o_m_p__c_o_o_l_d_o_w_n"
"Defense_Config.cs","Defense","Defense Tree","StompHealthThreshold","Tier4_GroundStomp_HPThreshold","Tier 4: Ground Stomp (defense_Step4_instant) - Auto-trigger HP Threshold (0.35 = 35%)","config_t_i_e_r4__g_r_o_u_n_d_s_t_o_m_p__h_p_t_h_r_e_s_h_o_l_d"
"Defense_Config.cs","Defense","Defense Tree","StompVFXDuration","Tier4_GroundStomp_VFXDuration","Tier 4: Ground Stomp (defense_Step4_instant) - VFX Duration (seconds)","config_t_i_e_r4__g_r_o_u_n_d_s_t_o_m_p__v_f_x_d_u_r_a_t_i_o_n"
"Defense_Config.cs","Defense","Defense Tree","FocusRunStaminaReduction","Tier5_Endurance_RunStaminaReduction","Tier 5: Endurance (defense_Step5_focus) - Run Stamina Reduction (%)","config_t_i_e_r5__e_n_d_u_r_a_n_c_e__r_u_n_s_t_a_m_i_n_a_r_e_d_u_c_t_i_o_n"
"Defense_Config.cs","Defense","Defense Tree","FocusJumpStaminaReduction","Tier5_Endurance_JumpStaminaReduction","Tier 5: Endurance (defense_Step5_focus) - Jump Stamina Reduction (%)","config_t_i_e_r5__e_n_d_u_r_a_n_c_e__j_u_m_p_s_t_a_m_i_n_a_r_e_d_u_c_t_i_o_n"
"Defense_Config.cs","Defense","Defense Tree","StaminaDodgeBonus","Tier5_Agility_DodgeBonus","Tier 5: Agility (defense_Step5_stamina) - Dodge Rate Bonus (%)","config_t_i_e_r5__a_g_i_l_i_t_y__d_o_d_g_e_b_o_n_u_s"
"Defense_Config.cs","Defense","Defense Tree","StaminaRollStaminaReduction","Tier5_Agility_RollStaminaReduction","Tier 5: Agility (defense_Step5_stamina) - Roll Stamina Reduction (%)","config_t_i_e_r5__a_g_i_l_i_t_y__r_o_l_l_s_t_a_m_i_n_a_r_e_d_u_c_t_i_o_n"
"Defense_Config.cs","Defense","Defense Tree","TrollRegenBonus","Tier5_TrollRegen_HPRegenBonus","Tier 5: Troll's Regeneration (defense_Step5_heal) - HP Regen Bonus (per second)","config_t_i_e_r5__t_r_o_l_l_r_e_g_e_n__h_p_r_e_g_e_n_b_o_n_u_s"
"Defense_Config.cs","Defense","Defense Tree","TrollRegenInterval","Tier5_TrollRegen_RegenInterval","Tier 5: Troll's Regeneration (defense_Step5_heal) - Regen Interval (seconds)","config_t_i_e_r5__t_r_o_l_l_r_e_g_e_n__r_e_g_e_n_i_n_t_e_r_v_a_l"
"Defense_Config.cs","Defense","Defense Tree","ParryMasterBlockPowerBonus","Tier5_BlockMaster_ShieldBlockPowerBonus","Tier 5: Block Master (defense_Step5_parry) - Shield Block Power Bonus","config_t_i_e_r5__b_l_o_c_k_m_a_s_t_e_r__s_h_i_e_l_d_b_l_o_c_k_p_o_w_e_r_b_o_n_u_s"
"Defense_Config.cs","Defense","Defense Tree","ParryMasterParryDurationBonus","Tier5_BlockMaster_ParryDurationBonus","Tier 5: Block Master (defense_Step5_parry) - Parry Duration Bonus (seconds)","config_t_i_e_r5__b_l_o_c_k_m_a_s_t_e_r__p_a_r_r_y_d_u_r_a_t_i_o_n_b_o_n_u_s"
"Defense_Config.cs","Defense","Defense Tree","AttackDodgeBonus","Tier6_NerveEnhancement_DodgeBonus","Tier 6: Nerve Enhancement (defense_Step6_attack) - Dodge Rate Bonus (permanent, %)","config_t_i_e_r6__n_e_r_v_e_e_n_h_a_n_c_e_m_e_n_t__d_o_d_g_e_b_o_n_u_s"
"Defense_Config.cs","Defense","Defense Tree","BodyHealthBonus","Tier6_JotunnVitality_HPBonus","Tier 6: Jotunn's Vitality (defense_Step6_body) - Health Bonus (%)","config_t_i_e_r6__j_o_t_u_n_n_v_i_t_a_l_i_t_y__h_p_b_o_n_u_s"
"Defense_Config.cs","Defense","Defense Tree","BodyArmorBonus","Tier6_JotunnVitality_ArmorBonus","Tier 6: Jotunn's Vitality (defense_Step6_body) - Armor Bonus (%)","config_t_i_e_r6__j_o_t_u_n_n_v_i_t_a_l_i_t_y__a_r_m_o_r_b_o_n_u_s"
"Defense_Config.cs","Defense","Defense Tree","JotunnShieldBlockStaminaReduction","Tier6_JotunnShield_BlockStaminaReduction","Tier 6: Jotunn's Shield (defense_Step6_true) - Block Stamina Reduction (%)","config_t_i_e_r6__j_o_t_u_n_n_s_h_i_e_l_d__b_l_o_c_k_s_t_a_m_i_n_a_r_e_d_u_c_t_i_o_n"
"Defense_Config.cs","Defense","Defense Tree","JotunnShieldNormalSpeedBonus","Tier6_JotunnShield_NormalShieldMoveSpeedBonus","Tier 6: Jotunn's Shield (defense_Step6_true) - Normal Shield Move Speed Bonus (%)","config_t_i_e_r6__j_o_t_u_n_n_s_h_i_e_l_d__n_o_r_m_a_l_s_h_i_e_l_d_m_o_v_e_s_p_e_e_d_b_o_n_u_s"
"Defense_Config.cs","Defense","Defense Tree","JotunnShieldTowerSpeedBonus","Tier6_JotunnShield_TowerShieldMoveSpeedBonus","Tier 6: Jotunn's Shield (defense_Step6_true) - Tower Shield Move Speed Bonus (%)","config_t_i_e_r6__j_o_t_u_n_n_s_h_i_e_l_d__t_o_w_e_r_s_h_i_e_l_d_m_o_v_e_s_p_e_e_d_b_o_n_u_s"
"Knife_Config.cs","Knife","Knife Tree","KnifeExpertBackstabBonus","Tier0_KnifeExpert_BackstabBonus","Tier 0: Knife Expert (knife_expert) - Backstab Damage Bonus (%)","config_t_i_e_r0__k_n_i_f_e_e_x_p_e_r_t__b_a_c_k_s_t_a_b_b_o_n_u_s"
"Knife_Config.cs","Knife","Knife Tree","KnifeExpertRequiredPoints","Tier0_KnifeExpert_RequiredPoints","Tier 0: Knife Expert (knife_expert) - Required Points","config_t_i_e_r0__k_n_i_f_e_e_x_p_e_r_t__r_e_q_u_i_r_e_d_p_o_i_n_t_s"
"Knife_Config.cs","Knife","Knife Tree","KnifeEvasionBonus","Tier1_Evasion_Chance","Tier 1: Evasion Mastery (knife_step2_evasion) - Evasion Chance (%)","config_t_i_e_r1__e_v_a_s_i_o_n__c_h_a_n_c_e"
"Knife_Config.cs","Knife","Knife Tree","KnifeEvasionDuration","Tier1_Evasion_Duration","Tier 1: Evasion Mastery (knife_step2_evasion) - Invincibility Duration (sec)","config_t_i_e_r1__e_v_a_s_i_o_n__d_u_r_a_t_i_o_n"
"Knife_Config.cs","Knife","Knife Tree","KnifeEvasionRequiredPoints","Tier1_Evasion_RequiredPoints","Tier 1: Evasion Mastery (knife_step2_evasion) - Required Points","config_t_i_e_r1__e_v_a_s_i_o_n__r_e_q_u_i_r_e_d_p_o_i_n_t_s"
"Knife_Config.cs","Knife","Knife Tree","KnifeMoveSpeedBonus","Tier2_FastMove_MoveSpeedBonus","Tier 2: Fast Movement (knife_step3_movespeed) - Movement Speed Bonus (%)","config_t_i_e_r2__f_a_s_t_m_o_v_e__m_o_v_e_s_p_e_e_d_b_o_n_u_s"
"Knife_Config.cs","Knife","Knife Tree","KnifeMoveSpeedRequiredPoints","Tier2_FastMove_RequiredPoints","Tier 2: Fast Movement (knife_step3_movespeed) - Required Points","config_t_i_e_r2__f_a_s_t_m_o_v_e__r_e_q_u_i_r_e_d_p_o_i_n_t_s"
"Knife_Config.cs","Knife","Knife Tree","KnifeAttackDamageBonus","Tier3_CombatMastery_DamageBonus","Tier 3: Combat Mastery (knife_step4_attackspeed) - Damage Bonus (flat)","config_t_i_e_r3__c_o_m_b_a_t_m_a_s_t_e_r_y__d_a_m_a_g_e_b_o_n_u_s"
"Knife_Config.cs","Knife","Knife Tree","KnifeAttackDamageDuration","Tier3_CombatMastery_BuffDuration","Tier 3: Combat Mastery (knife_step4_attackspeed) - Buff Duration (sec)","config_t_i_e_r3__c_o_m_b_a_t_m_a_s_t_e_r_y__b_u_f_f_d_u_r_a_t_i_o_n"
"Knife_Config.cs","Knife","Knife Tree","KnifeAttackSpeedRequiredPoints","Tier3_CombatMastery_RequiredPoints","Tier 3: Combat Mastery (knife_step4_attackspeed) - Required Points","config_t_i_e_r3__c_o_m_b_a_t_m_a_s_t_e_r_y__r_e_q_u_i_r_e_d_p_o_i_n_t_s"
"Knife_Config.cs","Knife","Knife Tree","KnifeAttackEvasionBonus","Tier4_AttackEvasion_EvasionBonus","Tier 4: Attack & Evasion (knife_step5_critrate) - Evasion Rate Bonus (%)","config_t_i_e_r4__a_t_t_a_c_k_e_v_a_s_i_o_n__e_v_a_s_i_o_n_b_o_n_u_s"
"Knife_Config.cs","Knife","Knife Tree","KnifeAttackEvasionDuration","Tier4_AttackEvasion_BuffDuration","Tier 4: Attack & Evasion (knife_step5_critrate) - Buff Duration (sec)","config_t_i_e_r4__a_t_t_a_c_k_e_v_a_s_i_o_n__b_u_f_f_d_u_r_a_t_i_o_n"
"Knife_Config.cs","Knife","Knife Tree","KnifeAttackEvasionCooldown","Tier4_AttackEvasion_Cooldown","Tier 4: Attack & Evasion (knife_step5_critrate) - Cooldown (sec)","config_t_i_e_r4__a_t_t_a_c_k_e_v_a_s_i_o_n__c_o_o_l_d_o_w_n"
"Knife_Config.cs","Knife","Knife Tree","KnifeCritRateRequiredPoints","Tier4_AttackEvasion_RequiredPoints","Tier 4: Attack & Evasion (knife_step5_critrate) - Required Points","config_t_i_e_r4__a_t_t_a_c_k_e_v_a_s_i_o_n__r_e_q_u_i_r_e_d_p_o_i_n_t_s"
"Knife_Config.cs","Knife","Knife Tree","KnifeCombatDamageBonus","Tier5_CriticalDamage_DamageBonus","Tier 5: Critical Damage (knife_step6_combatdamage) - Damage Bonus (%)","config_t_i_e_r5__c_r_i_t_i_c_a_l_d_a_m_a_g_e__d_a_m_a_g_e_b_o_n_u_s"
"Knife_Config.cs","Knife","Knife Tree","KnifeCombatDamageRequiredPoints","Tier5_CriticalDamage_RequiredPoints","Tier 5: Critical Damage (knife_step6_combatdamage) - Required Points","config_t_i_e_r5__c_r_i_t_i_c_a_l_d_a_m_a_g_e__r_e_q_u_i_r_e_d_p_o_i_n_t_s"
"Knife_Config.cs","Knife","Knife Tree","KnifeExecutionCritDamage","Tier6_Assassin_CritDamageBonus","Tier 6: Assassin (knife_step7_execution) - Critical Damage Bonus (%)","config_t_i_e_r6__a_s_s_a_s_s_i_n__c_r_i_t_d_a_m_a_g_e_b_o_n_u_s"
"Knife_Config.cs","Knife","Knife Tree","KnifeExecutionCritChance","Tier6_Assassin_CritChanceBonus","Tier 6: Assassin (knife_step7_execution) - Critical Chance Bonus (%)","config_t_i_e_r6__a_s_s_a_s_s_i_n__c_r_i_t_c_h_a_n_c_e_b_o_n_u_s"
"Knife_Config.cs","Knife","Knife Tree","KnifeExecutionRequiredPoints","Tier6_Assassin_RequiredPoints","Tier 6: Assassin (knife_step7_execution) - Required Points","config_t_i_e_r6__a_s_s_a_s_s_i_n__r_e_q_u_i_r_e_d_p_o_i_n_t_s"
"Knife_Config.cs","Knife","Knife Tree","KnifeAssassinationStaggerChance","Tier7_Assassination_StaggerChance","Tier 7: Assassination (knife_step8_assassination) - Stagger Chance (%)","config_t_i_e_r7__a_s_s_a_s_s_i_n_a_t_i_o_n__s_t_a_g_g_e_r_c_h_a_n_c_e"
"Knife_Config.cs","Knife","Knife Tree","KnifeAssassinationRequiredHits","Tier7_Assassination_RequiredComboHits","Tier 7: Assassination (knife_step8_assassination) - Required Combo Hits","config_t_i_e_r7__a_s_s_a_s_s_i_n_a_t_i_o_n__r_e_q_u_i_r_e_d_c_o_m_b_o_h_i_t_s"
"Knife_Config.cs","Knife","Knife Tree","KnifeAssassinationRequiredPoints","Tier7_Assassination_RequiredPoints","Tier 7: Assassination (knife_step8_assassination) - Required Points","config_t_i_e_r7__a_s_s_a_s_s_i_n_a_t_i_o_n__r_e_q_u_i_r_e_d_p_o_i_n_t_s"
"Knife_Config.cs","Knife","Knife Tree","KnifeAssassinHeartCritDamage","Tier8_AssassinHeart_CritDamageMultiplier","Tier 8: Assassin's Heart (knife_step9_assassin_heart) - Critical Damage Multiplier","config_t_i_e_r8__a_s_s_a_s_s_i_n_h_e_a_r_t__c_r_i_t_d_a_m_a_g_e_m_u_l_t_i_p_l_i_e_r"
"Knife_Config.cs","Knife","Knife Tree","KnifeAssassinHeartDuration","Tier8_AssassinHeart_Duration","Tier 8: Assassin's Heart (knife_step9_assassin_heart) - Buff Duration (sec)","config_t_i_e_r8__a_s_s_a_s_s_i_n_h_e_a_r_t__d_u_r_a_t_i_o_n"
"Knife_Config.cs","Knife","Knife Tree","KnifeAssassinHeartStaminaCost","Tier8_AssassinHeart_StaminaCost","Tier 8: Assassin's Heart (knife_step9_assassin_heart) - Stamina Cost","config_t_i_e_r8__a_s_s_a_s_s_i_n_h_e_a_r_t__s_t_a_m_i_n_a_c_o_s_t"
"Knife_Config.cs","Knife","Knife Tree","KnifeAssassinHeartCooldown","Tier8_AssassinHeart_Cooldown","Tier 8: Assassin's Heart (knife_step9_assassin_heart) - Cooldown (sec)","config_t_i_e_r8__a_s_s_a_s_s_i_n_h_e_a_r_t__c_o_o_l_d_o_w_n"
"Knife_Config.cs","Knife","Knife Tree","KnifeAssassinHeartTeleportRange","Tier8_AssassinHeart_TeleportRange","Tier 8: Assassin's Heart (knife_step9_assassin_heart) - Teleport Search Range (meters)","config_t_i_e_r8__a_s_s_a_s_s_i_n_h_e_a_r_t__t_e_l_e_p_o_r_t_r_a_n_g_e"
"Knife_Config.cs","Knife","Knife Tree","KnifeAssassinHeartTeleportBehind","Tier8_AssassinHeart_TeleportBackDistance","Tier 8: Assassin's Heart (knife_step9_assassin_heart) - Teleport Behind Distance (meters)","config_t_i_e_r8__a_s_s_a_s_s_i_n_h_e_a_r_t__t_e_l_e_p_o_r_t_b_a_c_k_d_i_s_t_a_n_c_e"
"Knife_Config.cs","Knife","Knife Tree","KnifeAssassinHeartStunDuration","Tier8_AssassinHeart_StunDuration","Tier 8: Assassin's Heart (knife_step9_assassin_heart) - Stun Duration (sec)","config_t_i_e_r8__a_s_s_a_s_s_i_n_h_e_a_r_t__s_t_u_n_d_u_r_a_t_i_o_n"
"Knife_Config.cs","Knife","Knife Tree","KnifeAssassinHeartAttackCount","Tier8_AssassinHeart_ComboAttackCount","Tier 8: Assassin's Heart (knife_step9_assassin_heart) - Combo Attack Count","config_t_i_e_r8__a_s_s_a_s_s_i_n_h_e_a_r_t__c_o_m_b_o_a_t_t_a_c_k_c_o_u_n_t"
"Knife_Config.cs","Knife","Knife Tree","KnifeAssassinHeartAttackInterval","Tier8_AssassinHeart_AttackInterval","Tier 8: Assassin's Heart (knife_step9_assassin_heart) - Attack Interval (sec)","config_t_i_e_r8__a_s_s_a_s_s_i_n_h_e_a_r_t__a_t_t_a_c_k_i_n_t_e_r_v_a_l"
"Knife_Config.cs","Knife","Knife Tree","KnifeAssassinHeartRequiredPoints","Tier8_AssassinHeart_RequiredPoints","Tier 8: Assassin's Heart (knife_step9_assassin_heart) - Required Points","config_t_i_e_r8__a_s_s_a_s_s_i_n_h_e_a_r_t__r_e_q_u_i_r_e_d_p_o_i_n_t_s"
"Mace_Config.cs","Mace","Mace Tree","MaceExpertRequiredPoints","Tier0_MaceExpert_RequiredPoints","Tier 0: Mace Expert (mace_expert) - Required Points","config_t_i_e_r0__m_a_c_e_e_x_p_e_r_t__r_e_q_u_i_r_e_d_p_o_i_n_t_s"
"Mace_Config.cs","Mace","Mace Tree","MaceExpertDamageBonus","Tier0_MaceExpert_DamageBonus","Tier 0: Mace Expert (mace_expert) - Damage Bonus (%)","config_t_i_e_r0__m_a_c_e_e_x_p_e_r_t__d_a_m_a_g_e_b_o_n_u_s"
"Mace_Config.cs","Mace","Mace Tree","MaceExpertStunChance","Tier0_MaceExpert_StunChance","Tier 0: Mace Expert (mace_expert) - Stun Chance (%)","config_t_i_e_r0__m_a_c_e_e_x_p_e_r_t__s_t_u_n_c_h_a_n_c_e"
"Mace_Config.cs","Mace","Mace Tree","MaceExpertStunDuration","Tier0_MaceExpert_StunDuration","Tier 0: Mace Expert (mace_expert) - Stun Duration (sec)","config_t_i_e_r0__m_a_c_e_e_x_p_e_r_t__s_t_u_n_d_u_r_a_t_i_o_n"
"Mace_Config.cs","Mace","Mace Tree","MaceStep1RequiredPoints","Tier1_MaceExpert_RequiredPoints","Tier 1: Mace Expert (mace_Step1_damage) - Required Points","config_t_i_e_r1__m_a_c_e_e_x_p_e_r_t__r_e_q_u_i_r_e_d_p_o_i_n_t_s"
"Mace_Config.cs","Mace","Mace Tree","MaceStep1DamageBonus","Tier1_MaceExpert_DamageBonus","Tier 1: Mace Expert (mace_Step1_damage) - Mace Damage Bonus (%)","config_t_i_e_r1__m_a_c_e_e_x_p_e_r_t__d_a_m_a_g_e_b_o_n_u_s"
"Mace_Config.cs","Mace","Mace Tree","MaceStep2RequiredPoints","Tier2_StunBoost_RequiredPoints","Tier 2: Stun Boost (mace_Step2_stun_boost) - Required Points","config_t_i_e_r2__s_t_u_n_b_o_o_s_t__r_e_q_u_i_r_e_d_p_o_i_n_t_s"
"Mace_Config.cs","Mace","Mace Tree","MaceStep2StunChanceBonus","Tier2_StunBoost_StunChanceBonus","Tier 2: Stun Boost (mace_Step2_stun_boost) - Stun Chance Bonus (%)","config_t_i_e_r2__s_t_u_n_b_o_o_s_t__s_t_u_n_c_h_a_n_c_e_b_o_n_u_s"
"Mace_Config.cs","Mace","Mace Tree","MaceStep2StunDurationBonus","Tier2_StunBoost_StunDurationBonus","Tier 2: Stun Boost (mace_Step2_stun_boost) - Stun Duration Bonus (sec)","config_t_i_e_r2__s_t_u_n_b_o_o_s_t__s_t_u_n_d_u_r_a_t_i_o_n_b_o_n_u_s"
"Mace_Config.cs","Mace","Mace Tree","MaceStep3GuardRequiredPoints","Tier3_Guard_RequiredPoints","Tier 3: Guard (mace_Step3_branch_guard) - Required Points","config_t_i_e_r3__g_u_a_r_d__r_e_q_u_i_r_e_d_p_o_i_n_t_s"
"Mace_Config.cs","Mace","Mace Tree","MaceStep3GuardArmorBonus","Tier3_Guard_ArmorBonus","Tier 3: Guard (mace_Step3_branch_guard) - Armor Bonus (flat)","config_t_i_e_r3__g_u_a_r_d__a_r_m_o_r_b_o_n_u_s"
"Mace_Config.cs","Mace","Mace Tree","MaceStep3HeavyRequiredPoints","Tier3_HeavyStrike_RequiredPoints","Tier 3: Heavy Strike (mace_Step3_branch_heavy) - Required Points","config_t_i_e_r3__h_e_a_v_y_s_t_r_i_k_e__r_e_q_u_i_r_e_d_p_o_i_n_t_s"
"Mace_Config.cs","Mace","Mace Tree","MaceStep3HeavyDamageBonus","Tier3_HeavyStrike_DamageBonus","Tier 3: Heavy Strike (mace_Step3_branch_heavy) - Damage Bonus (flat)","config_t_i_e_r3__h_e_a_v_y_s_t_r_i_k_e__d_a_m_a_g_e_b_o_n_u_s"
"Mace_Config.cs","Mace","Mace Tree","MaceStep4RequiredPoints","Tier4_Push_RequiredPoints","Tier 4: Push (mace_Step4_push) - Required Points","config_t_i_e_r4__p_u_s_h__r_e_q_u_i_r_e_d_p_o_i_n_t_s"
"Mace_Config.cs","Mace","Mace Tree","MaceStep4KnockbackChance","Tier4_Push_KnockbackChance","Tier 4: Push (mace_Step4_push) - Knockback Chance (%)","config_t_i_e_r4__p_u_s_h__k_n_o_c_k_b_a_c_k_c_h_a_n_c_e"
"Mace_Config.cs","Mace","Mace Tree","MaceStep5TankRequiredPoints","Tier5_Tank_RequiredPoints","Tier 5: Tank (mace_Step5_tank) - Required Points","config_t_i_e_r5__t_a_n_k__r_e_q_u_i_r_e_d_p_o_i_n_t_s"
"Mace_Config.cs","Mace","Mace Tree","MaceStep5TankHealthBonus","Tier5_Tank_HealthBonus","Tier 5: Tank (mace_Step5_tank) - Health Bonus (%)","config_t_i_e_r5__t_a_n_k__h_e_a_l_t_h_b_o_n_u_s"
"Mace_Config.cs","Mace","Mace Tree","MaceStep5TankDamageReduction","Tier5_Tank_DamageReduction","Tier 5: Tank (mace_Step5_tank) - Incoming Damage Reduction (%)","config_t_i_e_r5__t_a_n_k__d_a_m_a_g_e_r_e_d_u_c_t_i_o_n"
"Mace_Config.cs","Mace","Mace Tree","MaceStep5DpsRequiredPoints","Tier5_DPS_RequiredPoints","Tier 5: DPS (mace_Step5_dps) - Required Points","config_t_i_e_r5__d_p_s__r_e_q_u_i_r_e_d_p_o_i_n_t_s"
"Mace_Config.cs","Mace","Mace Tree","MaceStep5DpsDamageBonus","Tier5_DPS_DamageBonus","Tier 5: DPS (mace_Step5_dps) - Damage Bonus (%)","config_t_i_e_r5__d_p_s__d_a_m_a_g_e_b_o_n_u_s"
"Mace_Config.cs","Mace","Mace Tree","MaceStep5DpsAttackSpeedBonus","Tier5_DPS_AttackSpeedBonus","Tier 5: DPS (mace_Step5_dps) - Attack Speed Bonus (%)","config_t_i_e_r5__d_p_s__a_t_t_a_c_k_s_p_e_e_d_b_o_n_u_s"
"Mace_Config.cs","Mace","Mace Tree","MaceStep6RequiredPoints","Tier6_Grandmaster_RequiredPoints","Tier 6: Grandmaster (mace_Step6_grandmaster) - Required Points","config_t_i_e_r6__g_r_a_n_d_m_a_s_t_e_r__r_e_q_u_i_r_e_d_p_o_i_n_t_s"
"Mace_Config.cs","Mace","Mace Tree","MaceStep6ArmorBonus","Tier6_Grandmaster_ArmorBonus","Tier 6: Grandmaster (mace_Step6_grandmaster) - Armor Bonus (%)","config_t_i_e_r6__g_r_a_n_d_m_a_s_t_e_r__a_r_m_o_r_b_o_n_u_s"
"Mace_Config.cs","Mace","Mace Tree","FuryHammerRequiredPoints","Tier7_FuryHammer_RequiredPoints","Tier 7: Fury Hammer (mace_step7_fury_hammer) - Required Points","config_t_i_e_r7__f_u_r_y_h_a_m_m_e_r__r_e_q_u_i_r_e_d_p_o_i_n_t_s"
"Mace_Config.cs","Mace","Mace Tree","FuryHammerNormalHitMultiplier","Tier7_FuryHammer_NormalHitMultiplier","Tier 7: Fury Hammer (mace_step7_fury_hammer) - Hits 1-4 Damage Multiplier (%) - Based on Current Attack","config_t_i_e_r7__f_u_r_y_h_a_m_m_e_r__n_o_r_m_a_l_h_i_t_m_u_l_t_i_p_l_i_e_r"
"Mace_Config.cs","Mace","Mace Tree","FuryHammerFinalHitMultiplier","Tier7_FuryHammer_FinalHitMultiplier","Tier 7: Fury Hammer (mace_step7_fury_hammer) - Hit 5 (Final) Damage Multiplier (%) - Based on Current Attack","config_t_i_e_r7__f_u_r_y_h_a_m_m_e_r__f_i_n_a_l_h_i_t_m_u_l_t_i_p_l_i_e_r"
"Mace_Config.cs","Mace","Mace Tree","FuryHammerStaminaCost","Tier7_FuryHammer_StaminaCost","Tier 7: Fury Hammer (mace_step7_fury_hammer) - Stamina Cost","config_t_i_e_r7__f_u_r_y_h_a_m_m_e_r__s_t_a_m_i_n_a_c_o_s_t"
"Mace_Config.cs","Mace","Mace Tree","FuryHammerCooldown","Tier7_FuryHammer_Cooldown","Tier 7: Fury Hammer (mace_step7_fury_hammer) - Cooldown (sec)","config_t_i_e_r7__f_u_r_y_h_a_m_m_e_r__c_o_o_l_d_o_w_n"
"Mace_Config.cs","Mace","Mace Tree","FuryHammerAoeRadius","Tier7_FuryHammer_AoeRadius","Tier 7: Fury Hammer (mace_step7_fury_hammer) - AOE Radius (meters)","config_t_i_e_r7__f_u_r_y_h_a_m_m_e_r__a_o_e_r_a_d_i_u_s"
"Mace_Config.cs","Mace","Mace Tree","GuardianHeartCooldown","Tier7_GuardianHeart_Cooldown","Tier 7: Guardian Heart (mace_step7_guardian_heart) - Cooldown (sec)","config_t_i_e_r7__g_u_a_r_d_i_a_n_h_e_a_r_t__c_o_o_l_d_o_w_n"
"Mace_Config.cs","Mace","Mace Tree","GuardianHeartStaminaCost","Tier7_GuardianHeart_StaminaCost","Tier 7: Guardian Heart (mace_step7_guardian_heart) - Stamina Cost","config_t_i_e_r7__g_u_a_r_d_i_a_n_h_e_a_r_t__s_t_a_m_i_n_a_c_o_s_t"
"Mace_Config.cs","Mace","Mace Tree","GuardianHeartDuration","Tier7_GuardianHeart_Duration","Tier 7: Guardian Heart (mace_step7_guardian_heart) - Buff Duration (sec)","config_t_i_e_r7__g_u_a_r_d_i_a_n_h_e_a_r_t__d_u_r_a_t_i_o_n"
"Mace_Config.cs","Mace","Mace Tree","GuardianHeartReflectPercent","Tier7_GuardianHeart_ReflectPercent","Tier 7: Guardian Heart (mace_step7_guardian_heart) - Reflect Damage Percentage (%)","config_t_i_e_r7__g_u_a_r_d_i_a_n_h_e_a_r_t__r_e_f_l_e_c_t_p_e_r_c_e_n_t"
"Mace_Config.cs","Mace","Mace Tree","GuardianHeartRequiredPoints","Tier7_GuardianHeart_RequiredPoints","Tier 7: Guardian Heart (mace_step7_guardian_heart) - Required Points","config_t_i_e_r7__g_u_a_r_d_i_a_n_h_e_a_r_t__r_e_q_u_i_r_e_d_p_o_i_n_t_s"
"Spear_Config.cs","Spear","Spear Tree","SpearExpertRequiredPoints","Tier0_SpearExpert_RequiredPoints","Tier 0: Spear Expert (spear_expert) - Required Points","config_t_i_e_r0__s_p_e_a_r_e_x_p_e_r_t__r_e_q_u_i_r_e_d_p_o_i_n_t_s"
"Spear_Config.cs","Spear","Spear Tree","SpearStep1RequiredPoints","Tier1_QuickStrike_RequiredPoints","Tier 1: Quick Strike (spear_step1_quickstrike) - Required Points","config_t_i_e_r1__q_u_i_c_k_s_t_r_i_k_e__r_e_q_u_i_r_e_d_p_o_i_n_t_s"
"Spear_Config.cs","Spear","Spear Tree","SpearStep2RequiredPoints","Tier2_Throw_RequiredPoints","Tier 2: Spear Throw (spear_step2_throw) - Required Points","config_t_i_e_r2__t_h_r_o_w__r_e_q_u_i_r_e_d_p_o_i_n_t_s"
"Spear_Config.cs","Spear","Spear Tree","SpearStep3RequiredPoints","Tier3_Pierce_RequiredPoints","Tier 3: Pierce (spear_step3_pierce) - Required Points","config_t_i_e_r3__p_i_e_r_c_e__r_e_q_u_i_r_e_d_p_o_i_n_t_s"
"Spear_Config.cs","Spear","Spear Tree","SpearStep4RequiredPoints","Tier4_Evasion_RequiredPoints","Tier 4: Evasion Master (spear_step4_evasion) - Required Points","config_t_i_e_r4__e_v_a_s_i_o_n__r_e_q_u_i_r_e_d_p_o_i_n_t_s"
"Spear_Config.cs","Spear","Spear Tree","SpearPenetrateRequiredPoints","Tier5_Penetrate_RequiredPoints","Tier 5: Penetrate (spear_step5_penetrate) - Required Points","config_t_i_e_r5__p_e_n_e_t_r_a_t_e__r_e_q_u_i_r_e_d_p_o_i_n_t_s"
"Spear_Config.cs","Spear","Spear Tree","SpearComboRequiredPoints","Tier5_Combo_RequiredPoints","Tier 5: Combo Spear (spear_step5_combo) - Required Points","config_t_i_e_r5__c_o_m_b_o__r_e_q_u_i_r_e_d_p_o_i_n_t_s"
"Spear_Config.cs","Spear","Spear Tree","SpearStep1AttackSpeed","Tier0_SpearExpert_2HitAttackSpeed","Tier 0: Spear Expert (spear_expert) - Attack Speed Bonus on 2-Hit (%)","config_t_i_e_r0__s_p_e_a_r_e_x_p_e_r_t_2_h_i_t_a_t_t_a_c_k_s_p_e_e_d"
"Spear_Config.cs","Spear","Spear Tree","SpearStep1DamageBonus","Tier0_SpearExpert_2HitDamageBonus","Tier 0: Spear Expert (spear_expert) - Damage Bonus on 2-Hit (%)","config_t_i_e_r0__s_p_e_a_r_e_x_p_e_r_t_2_h_i_t_d_a_m_a_g_e_b_o_n_u_s"
"Spear_Config.cs","Spear","Spear Tree","SpearStep1Duration","Tier0_SpearExpert_EffectDuration","Tier 0: Spear Expert (spear_expert) - Buff Duration (sec)","config_t_i_e_r0__s_p_e_a_r_e_x_p_e_r_t__e_f_f_e_c_t_d_u_r_a_t_i_o_n"
"Spear_Config.cs","Spear","Spear Tree","SpearStep1ThrowCooldown","Tier2_Throw_Cooldown","Tier 2: Spear Throw (spear_step2_throw) - Cooldown (sec)","config_t_i_e_r2__t_h_r_o_w__c_o_o_l_d_o_w_n"
"Spear_Config.cs","Spear","Spear Tree","SpearStep1ThrowDamage","Tier2_Throw_DamageMultiplier","Tier 2: Spear Throw (spear_step2_throw) - Damage Multiplier (%)","config_t_i_e_r2__t_h_r_o_w__d_a_m_a_g_e_m_u_l_t_i_p_l_i_e_r"
"Spear_Config.cs","Spear","Spear Tree","SpearStep1ThrowBuffDuration","Tier2_Throw_BuffDuration_NotUsed","Tier 2: Spear Throw (spear_step2_throw) - Buff Duration (NOT USED)","config_t_i_e_r2__t_h_r_o_w__b_u_f_f_d_u_r_a_t_i_o_n__n_o_t_u_s_e_d"
"Spear_Config.cs","Spear","Spear Tree","SpearStep1CritDamageBonus","Tier1_VitalStrike_DamageBonus","Tier 1: Vital Strike (spear_step1_vitalstrike) - Critical Damage Bonus (%)","config_t_i_e_r1__v_i_t_a_l_s_t_r_i_k_e__d_a_m_a_g_e_b_o_n_u_s"
"Spear_Config.cs","Spear","Spear Tree","SpearStep3PierceDamageBonus","Tier3_Rapid_DamageBonus","Tier 3: Rapid Pierce (spear_step3_rapid) - Damage Bonus (flat)","config_t_i_e_r3__r_a_p_i_d__d_a_m_a_g_e_b_o_n_u_s"
"Spear_Config.cs","Spear","Spear Tree","SpearStep2EvasionDamageBonus","Tier4_Evasion_DamageBonus","Tier 4: Evasion Master (spear_step4_evasion) - Damage Bonus (%)","config_t_i_e_r4__e_v_a_s_i_o_n__d_a_m_a_g_e_b_o_n_u_s"
"Spear_Config.cs","Spear","Spear Tree","SpearStep2EvasionStaminaReduction","Tier4_Evasion_StaminaReduction","Tier 4: Evasion Master (spear_step4_evasion) - Stamina Reduction (%)","config_t_i_e_r4__e_v_a_s_i_o_n__s_t_a_m_i_n_a_r_e_d_u_c_t_i_o_n"
"Spear_Config.cs","Spear","Spear Tree","SpearExplosionChance","Tier3_Explosion_Chance","Tier 3: Explosive Spear (spear_step3_explosion) - Activation Chance (%)","config_t_i_e_r3__e_x_p_l_o_s_i_o_n__c_h_a_n_c_e"
"Spear_Config.cs","Spear","Spear Tree","SpearExplosionRadius","Tier3_Explosion_Radius","Tier 3: Explosive Spear (spear_step3_explosion) - Explosion Radius (meters)","config_t_i_e_r3__e_x_p_l_o_s_i_o_n__r_a_d_i_u_s"
"Spear_Config.cs","Spear","Spear Tree","SpearExplosionDamageBonus","Tier3_Explosion_DamageBonus","Tier 3: Explosive Spear (spear_step3_explosion) - Explosion Damage Bonus (%)","config_t_i_e_r3__e_x_p_l_o_s_i_o_n__d_a_m_a_g_e_b_o_n_u_s"
"Spear_Config.cs","Spear","Spear Tree","SpearDualDamageBonus","Tier4_Dual_DamageBonus","Tier 4: Dual Spear (spear_step4_dual) - Damage Bonus (%)","config_t_i_e_r4__d_u_a_l__d_a_m_a_g_e_b_o_n_u_s"
"Spear_Config.cs","Spear","Spear Tree","SpearDualDuration","Tier4_Dual_Duration","Tier 4: Dual Spear (spear_step4_dual) - Buff Duration (sec)","config_t_i_e_r4__d_u_a_l__d_u_r_a_t_i_o_n"
"Spear_Config.cs","Spear","Spear Tree","SpearStep5PenetrateCritChance","Tier5_Penetrate_CritChance_NotUsed","Tier 5: Penetrate (spear_step5_penetrate) - Critical Chance (NOT USED)","config_t_i_e_r5__p_e_n_e_t_r_a_t_e__c_r_i_t_c_h_a_n_c_e__n_o_t_u_s_e_d"
"Spear_Config.cs","Spear","Spear Tree","SpearStep5PenetrateBuffDuration","Tier5_Penetrate_BuffDuration","Tier 5: Penetrate (spear_step5_penetrate) - Buff Duration (sec)","config_t_i_e_r5__p_e_n_e_t_r_a_t_e__b_u_f_f_d_u_r_a_t_i_o_n"
"Spear_Config.cs","Spear","Spear Tree","SpearStep5PenetrateLightningDamage","Tier5_Penetrate_LightningDamage","Tier 5: Penetrate (spear_step5_penetrate) - Lightning Damage (%)","config_t_i_e_r5__p_e_n_e_t_r_a_t_e__l_i_g_h_t_n_i_n_g_d_a_m_a_g_e"
"Spear_Config.cs","Spear","Spear Tree","SpearStep5PenetrateComboCount","Tier5_Penetrate_HitCount","Tier 5: Penetrate (spear_step5_penetrate) - Required Hit Count","config_t_i_e_r5__p_e_n_e_t_r_a_t_e__h_i_t_c_o_u_n_t"
"Spear_Config.cs","Spear","Spear Tree","SpearStep5PenetrateCooldown","Tier5_Penetrate_GKey_Cooldown","Tier 5: Penetrate (spear_step5_penetrate) - G-Key Cooldown (sec)","config_t_i_e_r5__p_e_n_e_t_r_a_t_e__g_k_e_y__c_o_o_l_d_o_w_n"
"Spear_Config.cs","Spear","Spear Tree","SpearStep5PenetrateStaminaCost","Tier5_Penetrate_GKey_StaminaCost","Tier 5: Penetrate (spear_step5_penetrate) - G-Key Stamina Cost","config_t_i_e_r5__p_e_n_e_t_r_a_t_e__g_k_e_y__s_t_a_m_i_n_a_c_o_s_t"
"Spear_Config.cs","Spear","Spear Tree","SpearStep5ComboCooldown","Tier5_Combo_HKey_Cooldown","Tier 5: Combo Spear (spear_step5_combo) - H-Key Cooldown (sec)","config_t_i_e_r5__c_o_m_b_o__h_k_e_y__c_o_o_l_d_o_w_n"
"Spear_Config.cs","Spear","Spear Tree","SpearStep5ComboDamage","Tier5_Combo_HKey_DamageMultiplier","Tier 5: Combo Spear (spear_step5_combo) - H-Key Damage Multiplier (%)","config_t_i_e_r5__c_o_m_b_o__h_k_e_y__d_a_m_a_g_e_m_u_l_t_i_p_l_i_e_r"
"Spear_Config.cs","Spear","Spear Tree","SpearStep5ComboStaminaCost","Tier5_Combo_HKey_StaminaCost","Tier 5: Combo Spear (spear_step5_combo) - H-Key Stamina Cost","config_t_i_e_r5__c_o_m_b_o__h_k_e_y__s_t_a_m_i_n_a_c_o_s_t"
"Spear_Config.cs","Spear","Spear Tree","SpearStep5ComboKnockbackRadius","Tier5_Combo_HKey_KnockbackRange","Tier 5: Combo Spear (spear_step5_combo) - H-Key Knockback Range (meters)","config_t_i_e_r5__c_o_m_b_o__h_k_e_y__k_n_o_c_k_b_a_c_k_r_a_n_g_e"
"Spear_Config.cs","Spear","Spear Tree","SpearStep5ComboRange","Tier5_Combo_ActiveRange","Tier 5: Combo Spear (spear_step5_combo) - Active Range (meters)","config_t_i_e_r5__c_o_m_b_o__a_c_t_i_v_e_r_a_n_g_e"
"Spear_Config.cs","Spear","Spear Tree","SpearStep5ComboBuffDuration","Tier5_Combo_BuffDuration","Tier 5: Combo Spear (spear_step5_combo) - Buff Duration (sec)","config_t_i_e_r5__c_o_m_b_o__b_u_f_f_d_u_r_a_t_i_o_n"
"Spear_Config.cs","Spear","Spear Tree","SpearStep5ComboMaxUses","Tier5_Combo_MaxUses","Tier 5: Combo Spear (spear_step5_combo) - Max Uses","config_t_i_e_r5__c_o_m_b_o__m_a_x_u_s_e_s"
"Polearm_Config.cs","Polearm","Polearm Tree","PolearmExpertRequiredPoints","Tier0_PolearmExpert_RequiredPoints","Tier 0: Polearm Expert (polearm_expert) - Required Points","config_t_i_e_r0__p_o_l_e_a_r_m_e_x_p_e_r_t__r_e_q_u_i_r_e_d_p_o_i_n_t_s"
"Polearm_Config.cs","Polearm","Polearm Tree","PolearmStep1RequiredPoints","Tier1_PolearmSkill_RequiredPoints","Tier 1: Polearm Skill - Required Points","config_t_i_e_r1__p_o_l_e_a_r_m_s_k_i_l_l__r_e_q_u_i_r_e_d_p_o_i_n_t_s"
"Polearm_Config.cs","Polearm","Polearm Tree","PolearmStep2RequiredPoints","Tier2_PolearmSkill_RequiredPoints","Tier 2: Polearm Skill - Required Points","config_t_i_e_r2__p_o_l_e_a_r_m_s_k_i_l_l__r_e_q_u_i_r_e_d_p_o_i_n_t_s"
"Polearm_Config.cs","Polearm","Polearm Tree","PolearmStep3RequiredPoints","Tier3_PolearmSkill_RequiredPoints","Tier 3: Polearm Skill - Required Points","config_t_i_e_r3__p_o_l_e_a_r_m_s_k_i_l_l__r_e_q_u_i_r_e_d_p_o_i_n_t_s"
"Polearm_Config.cs","Polearm","Polearm Tree","PolearmStep4RequiredPoints","Tier4_PolearmSkill_RequiredPoints","Tier 4: Polearm Skill - Required Points","config_t_i_e_r4__p_o_l_e_a_r_m_s_k_i_l_l__r_e_q_u_i_r_e_d_p_o_i_n_t_s"
"Polearm_Config.cs","Polearm","Polearm Tree","PolearmSuppressRequiredPoints","Tier5_Suppress_RequiredPoints","Tier 5: Suppress Attack (polearm_step1_suppress) - Required Points","config_t_i_e_r5__s_u_p_p_r_e_s_s__r_e_q_u_i_r_e_d_p_o_i_n_t_s"
"Polearm_Config.cs","Polearm","Polearm Tree","PolearmKingRequiredPoints","Tier6_PierceCharge_RequiredPoints","Tier 6: Pierce Charge (G-Key Active) - Required Points","config_t_i_e_r6__p_i_e_r_c_e_c_h_a_r_g_e__r_e_q_u_i_r_e_d_p_o_i_n_t_s"
"Polearm_Config.cs","Polearm","Polearm Tree","PolearmExpertRangeBonus","Tier0_PolearmExpert_AttackRangeBonus","Tier 0: Polearm Expert (polearm_expert) - Attack Range Bonus (%)","config_t_i_e_r0__p_o_l_e_a_r_m_e_x_p_e_r_t__a_t_t_a_c_k_r_a_n_g_e_b_o_n_u_s"
"Polearm_Config.cs","Polearm","Polearm Tree","PolearmStep1SpinWheelDamage","Tier1_SpinWheel_WheelAttackDamageBonus","Tier 1: Spin Wheel (polearm_step1_spin_wheel) - Wheel Attack Damage Bonus (%)","config_t_i_e_r1__s_p_i_n_w_h_e_e_l__w_h_e_e_l_a_t_t_a_c_k_d_a_m_a_g_e_b_o_n_u_s"
"Polearm_Config.cs","Polearm","Polearm Tree","PolearmStep1SuppressDamage","Tier5_Suppress_DamageBonus","Tier 5: Suppress Attack (polearm_step1_suppress) - Damage Bonus (%)","config_t_i_e_r5__s_u_p_p_r_e_s_s__d_a_m_a_g_e_b_o_n_u_s"
"Polearm_Config.cs","Polearm","Polearm Tree","PolearmStep2HeroKnockbackChance","Tier2_HeroStrike_KnockbackChance","Tier 2: Hero Strike (polearm_step2_hero) - Knockback Chance (%)","config_t_i_e_r2__h_e_r_o_s_t_r_i_k_e__k_n_o_c_k_b_a_c_k_c_h_a_n_c_e"
"Polearm_Config.cs","Polearm","Polearm Tree","PolearmStep3AreaComboBonus","Tier3_AreaCombo_DoubleHitBonus","Tier 3: Area Combo (polearm_step3_area_combo) - Double Hit Bonus (%)","config_t_i_e_r3__a_r_e_a_c_o_m_b_o__d_o_u_b_l_e_h_i_t_b_o_n_u_s"
"Polearm_Config.cs","Polearm","Polearm Tree","PolearmStep3AreaComboDuration","Tier3_AreaCombo_DoubleHitDuration","Tier 3: Area Combo (polearm_step3_area_combo) - Double Hit Duration (sec)","config_t_i_e_r3__a_r_e_a_c_o_m_b_o__d_o_u_b_l_e_h_i_t_d_u_r_a_t_i_o_n"
"Polearm_Config.cs","Polearm","Polearm Tree","PolearmStep3GroundWheelDamage","Tier3_GroundWheel_WheelAttackDamageBonus","Tier 3: Ground Wheel (polearm_step3_ground_wheel) - Wheel Attack Damage Bonus (%)","config_t_i_e_r3__g_r_o_u_n_d_w_h_e_e_l__w_h_e_e_l_a_t_t_a_c_k_d_a_m_a_g_e_b_o_n_u_s"
"Polearm_Config.cs","Polearm","Polearm Tree","PolearmStep4MoonRangeBonus","Tier4_MoonSlash_AttackRangeBonus","Tier 4: Moon Slash (polearm_step4_moon) - Attack Range Bonus (%)","config_t_i_e_r4__m_o_o_n_s_l_a_s_h__a_t_t_a_c_k_r_a_n_g_e_b_o_n_u_s"
"Polearm_Config.cs","Polearm","Polearm Tree","PolearmStep4MoonStaminaReduction","Tier4_MoonSlash_StaminaReduction","Tier 4: Moon Slash (polearm_step4_moon) - Stamina Reduction (%)","config_t_i_e_r4__m_o_o_n_s_l_a_s_h__s_t_a_m_i_n_a_r_e_d_u_c_t_i_o_n"
"Polearm_Config.cs","Polearm","Polearm Tree","PolearmStep4ChargeDamageBonus","Tier3_PolearmBoost_WeaponDamageBonus","Tier 3: Polearm Boost (polearm_step4_charge) - Weapon Damage Bonus (flat value)","config_t_i_e_r3__p_o_l_e_a_r_m_b_o_o_s_t__w_e_a_p_o_n_d_a_m_a_g_e_b_o_n_u_s"
"Polearm_Config.cs","Polearm","Polearm Tree","PolearmPierceChargeDashDistance","Tier6_PierceCharge_DashDistance","Tier 6: Pierce Charge (polearm_step5_king) - Dash Distance (m)","config_t_i_e_r6__p_i_e_r_c_e_c_h_a_r_g_e__d_a_s_h_d_i_s_t_a_n_c_e"
"Polearm_Config.cs","Polearm","Polearm Tree","PolearmPierceChargePrimaryDamage","Tier6_PierceCharge_FirstHitDamageBonus","Tier 6: Pierce Charge (polearm_step5_king) - First Pierce Hit Damage Bonus (%)","config_t_i_e_r6__p_i_e_r_c_e_c_h_a_r_g_e__f_i_r_s_t_h_i_t_d_a_m_a_g_e_b_o_n_u_s"
"Polearm_Config.cs","Polearm","Polearm Tree","PolearmPierceChargeAoeDamage","Tier6_PierceCharge_AoeDamageBonus","Tier 6: Pierce Charge (polearm_step5_king) - AOE Knockback Damage Bonus (%)","config_t_i_e_r6__p_i_e_r_c_e_c_h_a_r_g_e__a_o_e_d_a_m_a_g_e_b_o_n_u_s"
"Polearm_Config.cs","Polearm","Polearm Tree","PolearmPierceChargeAoeAngle","Tier6_PierceCharge_AoeAngle","Tier 6: Pierce Charge (polearm_step5_king) - AOE Angle (280 = excluding front 80 degrees)","config_t_i_e_r6__p_i_e_r_c_e_c_h_a_r_g_e__a_o_e_a_n_g_l_e"
"Polearm_Config.cs","Polearm","Polearm Tree","PolearmPierceChargeAoeRadius","Tier6_PierceCharge_AoeRadius","Tier 6: Pierce Charge (polearm_step5_king) - AOE Radius (m)","config_t_i_e_r6__p_i_e_r_c_e_c_h_a_r_g_e__a_o_e_r_a_d_i_u_s"
"Polearm_Config.cs","Polearm","Polearm Tree","PolearmPierceChargeKnockbackDistance","Tier6_PierceCharge_KnockbackDistance","Tier 6: Pierce Charge (polearm_step5_king) - Knockback Distance (m)","config_t_i_e_r6__p_i_e_r_c_e_c_h_a_r_g_e__k_n_o_c_k_b_a_c_k_d_i_s_t_a_n_c_e"
"Polearm_Config.cs","Polearm","Polearm Tree","PolearmPierceChargeStaminaCost","Tier6_PierceCharge_StaminaCost","Tier 6: Pierce Charge (polearm_step5_king) - Stamina Cost (flat value)","config_t_i_e_r6__p_i_e_r_c_e_c_h_a_r_g_e__s_t_a_m_i_n_a_c_o_s_t"
"Polearm_Config.cs","Polearm","Polearm Tree","PolearmPierceChargeCooldown","Tier6_PierceCharge_Cooldown","Tier 6: Pierce Charge (polearm_step5_king) - Cooldown (sec)","config_t_i_e_r6__p_i_e_r_c_e_c_h_a_r_g_e__c_o_o_l_d_o_w_n"
"Crossbow_Config.cs","Crossbow","Crossbow Tree","CrossbowExpertRequiredPoints","Tier0_CrossbowExpert_RequiredPoints","Tier 0: Crossbow Expert (crossbow_expert_damage) - Required Points","config_t_i_e_r0__c_r_o_s_s_b_o_w_e_x_p_e_r_t__r_e_q_u_i_r_e_d_p_o_i_n_t_s"
"Crossbow_Config.cs","Crossbow","Crossbow Tree","CrossbowStep2RequiredPoints","Tier1_RapidFire_RequiredPoints","Tier 1: Rapid Fire (crossbow_Step1_rapid_fire) - Required Points","config_t_i_e_r1__r_a_p_i_d_f_i_r_e__r_e_q_u_i_r_e_d_p_o_i_n_t_s"
"Crossbow_Config.cs","Crossbow","Crossbow Tree","CrossbowStep3RequiredPoints","Tier2_CrossbowSkills_RequiredPoints","Tier 2: Crossbow Skills - Required Points","config_t_i_e_r2__c_r_o_s_s_b_o_w_s_k_i_l_l_s__r_e_q_u_i_r_e_d_p_o_i_n_t_s"
"Crossbow_Config.cs","Crossbow","Crossbow Tree","CrossbowStep4RequiredPoints","Tier3_AutoReload_RequiredPoints","Tier 3: Auto Reload (crossbow_Step3_re) - Required Points","config_t_i_e_r3__a_u_t_o_r_e_l_o_a_d__r_e_q_u_i_r_e_d_p_o_i_n_t_s"
"Crossbow_Config.cs","Crossbow","Crossbow Tree","CrossbowStep5RequiredPoints","Tier4_CrossbowSkills_RequiredPoints","Tier 4: Crossbow Skills - Required Points","config_t_i_e_r4__c_r_o_s_s_b_o_w_s_k_i_l_l_s__r_e_q_u_i_r_e_d_p_o_i_n_t_s"
"Crossbow_Config.cs","Crossbow","Crossbow Tree","CrossbowOneShotRequiredPoints","Tier5_OneShot_RequiredPoints","Tier 5: One Shot (R-Key Active) - Required Points","config_t_i_e_r5__o_n_e_s_h_o_t__r_e_q_u_i_r_e_d_p_o_i_n_t_s"
"Crossbow_Config.cs","Crossbow","Crossbow Tree","CrossbowExpertDamageBonus","Tier0_CrossbowExpert_DamageBonus","Tier 0: Crossbow Expert (crossbow_expert_damage) - Crossbow Damage Bonus (%)","config_t_i_e_r0__c_r_o_s_s_b_o_w_e_x_p_e_r_t__d_a_m_a_g_e_b_o_n_u_s"
"Crossbow_Config.cs","Crossbow","Crossbow Tree","CrossbowRapidFireChance","Tier1_RapidFire_Chance","Tier 1: Rapid Fire (crossbow_Step1_rapid_fire) - Trigger Chance (%)","config_t_i_e_r1__r_a_p_i_d_f_i_r_e__c_h_a_n_c_e"
"Crossbow_Config.cs","Crossbow","Crossbow Tree","CrossbowRapidFireShotCount","Tier1_RapidFire_ShotCount","Tier 1: Rapid Fire (crossbow_Step1_rapid_fire) - Total Shot Count","config_t_i_e_r1__r_a_p_i_d_f_i_r_e__s_h_o_t_c_o_u_n_t"
"Crossbow_Config.cs","Crossbow","Crossbow Tree","CrossbowRapidFireDamagePercent","Tier1_RapidFire_DamagePercent","Tier 1: Rapid Fire (crossbow_Step1_rapid_fire) - Each Bolt Damage Percent (%)","config_t_i_e_r1__r_a_p_i_d_f_i_r_e__d_a_m_a_g_e_p_e_r_c_e_n_t"
"Crossbow_Config.cs","Crossbow","Crossbow Tree","CrossbowRapidFireDelay","Tier1_RapidFire_Delay","Tier 1: Rapid Fire (crossbow_Step1_rapid_fire) - Bolt Fire Interval (sec)","config_t_i_e_r1__r_a_p_i_d_f_i_r_e__d_e_l_a_y"
"Crossbow_Config.cs","Crossbow","Crossbow Tree","CrossbowRapidFireBoltConsumption","Tier1_RapidFire_BoltConsumption","Tier 1: Rapid Fire (crossbow_Step1_rapid_fire) - Bolt Consumption","config_t_i_e_r1__r_a_p_i_d_f_i_r_e__b_o_l_t_c_o_n_s_u_m_p_t_i_o_n"
"Crossbow_Config.cs","Crossbow","Crossbow Tree","CrossbowBalanceKnockbackChance","Tier2_BalancedAim_KnockbackChance","Tier 2: Balanced Aim (crossbow_Step2_balance) - Knockback Chance (%)","config_t_i_e_r2__b_a_l_a_n_c_e_d_a_i_m__k_n_o_c_k_b_a_c_k_c_h_a_n_c_e"
"Crossbow_Config.cs","Crossbow","Crossbow Tree","CrossbowBalanceKnockbackDistance","Tier2_BalancedAim_KnockbackDistance","Tier 2: Balanced Aim (crossbow_Step2_balance) - Knockback Distance (m)","config_t_i_e_r2__b_a_l_a_n_c_e_d_a_i_m__k_n_o_c_k_b_a_c_k_d_i_s_t_a_n_c_e"
"Crossbow_Config.cs","Crossbow","Crossbow Tree","CrossbowRapidReloadSpeed","Tier2_RapidReload_SpeedIncrease","Tier 2: Rapid Reload (crossbow_Step2_rapid) - Reload Speed Increase (%)","config_t_i_e_r2__r_a_p_i_d_r_e_l_o_a_d__s_p_e_e_d_i_n_c_r_e_a_s_e"
"Crossbow_Config.cs","Crossbow","Crossbow Tree","CrossbowMarkDamageBonus","Tier2_HonestShot_DamageBonus","Tier 2: Honest Shot (crossbow_Step2_mark) - Damage Bonus (%)","config_t_i_e_r2__h_o_n_e_s_t_s_h_o_t__d_a_m_a_g_e_b_o_n_u_s"
"Crossbow_Config.cs","Crossbow","Crossbow Tree","CrossbowAutoReloadChance","Tier3_AutoReload_Chance","Tier 3: Auto Reload (crossbow_Step3_re) - Auto Reload Chance (%)","config_t_i_e_r3__a_u_t_o_r_e_l_o_a_d__c_h_a_n_c_e"
"Crossbow_Config.cs","Crossbow","Crossbow Tree","CrossbowRapidFireLv2Chance","Tier4_RapidFireLv2_Chance","Tier 4: Rapid Fire Lv2 (crossbow_Step4_rapid_fire_lv2) - Trigger Chance (%)","config_t_i_e_r4__r_a_p_i_d_f_i_r_e_l_v2__c_h_a_n_c_e"
"Crossbow_Config.cs","Crossbow","Crossbow Tree","CrossbowRapidFireLv2ShotCount","Tier4_RapidFireLv2_ShotCount","Tier 4: Rapid Fire Lv2 (crossbow_Step4_rapid_fire_lv2) - Total Shot Count","config_t_i_e_r4__r_a_p_i_d_f_i_r_e_l_v2__s_h_o_t_c_o_u_n_t"
"Crossbow_Config.cs","Crossbow","Crossbow Tree","CrossbowRapidFireLv2DamagePercent","Tier4_RapidFireLv2_DamagePercent","Tier 4: Rapid Fire Lv2 (crossbow_Step4_rapid_fire_lv2) - Each Bolt Damage Percent (%)","config_t_i_e_r4__r_a_p_i_d_f_i_r_e_l_v2__d_a_m_a_g_e_p_e_r_c_e_n_t"
"Crossbow_Config.cs","Crossbow","Crossbow Tree","CrossbowRapidFireLv2Delay","Tier4_RapidFireLv2_Delay","Tier 4: Rapid Fire Lv2 (crossbow_Step4_rapid_fire_lv2) - Bolt Fire Interval (sec)","config_t_i_e_r4__r_a_p_i_d_f_i_r_e_l_v2__d_e_l_a_y"
"Crossbow_Config.cs","Crossbow","Crossbow Tree","CrossbowRapidFireLv2BoltConsumption","Tier4_RapidFireLv2_BoltConsumption","Tier 4: Rapid Fire Lv2 (crossbow_Step4_rapid_fire_lv2) - Bolt Consumption","config_t_i_e_r4__r_a_p_i_d_f_i_r_e_l_v2__b_o_l_t_c_o_n_s_u_m_p_t_i_o_n"
"Crossbow_Config.cs","Crossbow","Crossbow Tree","CrossbowFinalStrikeHpThreshold","Tier4_FinalStrike_HpThreshold","Tier 4: Final Strike (crossbow_Step4_final) - HP Threshold (%)","config_t_i_e_r4__f_i_n_a_l_s_t_r_i_k_e__h_p_t_h_r_e_s_h_o_l_d"
"Crossbow_Config.cs","Crossbow","Crossbow Tree","CrossbowFinalStrikeDamageBonus","Tier4_FinalStrike_DamageBonus","Tier 4: Final Strike (crossbow_Step4_final) - Additional Damage (%)","config_t_i_e_r4__f_i_n_a_l_s_t_r_i_k_e__d_a_m_a_g_e_b_o_n_u_s"
"Crossbow_Config.cs","Crossbow","Crossbow Tree","CrossbowOneShotDuration","Tier5_OneShot_Duration","Tier 5: One Shot (crossbow_Step5_expert) - Buff Duration (sec)","config_t_i_e_r5__o_n_e_s_h_o_t__d_u_r_a_t_i_o_n"
"Crossbow_Config.cs","Crossbow","Crossbow Tree","CrossbowOneShotDamageBonus","Tier5_OneShot_DamageBonus","Tier 5: One Shot (crossbow_Step5_expert) - Damage Bonus (%)","config_t_i_e_r5__o_n_e_s_h_o_t__d_a_m_a_g_e_b_o_n_u_s"
"Crossbow_Config.cs","Crossbow","Crossbow Tree","CrossbowOneShotKnockback","Tier5_OneShot_KnockbackDistance","Tier 5: One Shot (crossbow_Step5_expert) - Knockback Distance (m)","config_t_i_e_r5__o_n_e_s_h_o_t__k_n_o_c_k_b_a_c_k_d_i_s_t_a_n_c_e"
"Crossbow_Config.cs","Crossbow","Crossbow Tree","CrossbowOneShotCooldown","Tier5_OneShot_Cooldown","Tier 5: One Shot (crossbow_Step5_expert) - Cooldown (sec)","config_t_i_e_r5__o_n_e_s_h_o_t__c_o_o_l_d_o_w_n"
"Staff_Config.cs","Staff","Staff Tree","StaffExpertDamage","Tier0_StaffExpert_ElementalDamageBonus","Tier 0: Staff Expert (staff_expert_damage) - Elemental Damage Bonus (%)","config_t_i_e_r0__s_t_a_f_f_e_x_p_e_r_t__e_l_e_m_e_n_t_a_l_d_a_m_a_g_e_b_o_n_u_s"
"Staff_Config.cs","Staff","Staff Tree","StaffExpertRequiredPoints","Tier0_StaffExpert_RequiredPoints","Tier 0: Staff Expert (staff_expert_damage) - Required Points","config_t_i_e_r0__s_t_a_f_f_e_x_p_e_r_t__r_e_q_u_i_r_e_d_p_o_i_n_t_s"
"Staff_Config.cs","Staff","Staff Tree","StaffFocusEitrReduction","Tier1_MindFocus_EitrReduction","Tier 1: Mind Focus (staff_step2_focus) - Eitr Cost Reduction (%)","config_t_i_e_r1__m_i_n_d_f_o_c_u_s__e_i_t_r_r_e_d_u_c_t_i_o_n"
"Staff_Config.cs","Staff","Staff Tree","StaffFocusRequiredPoints","Tier1_MindFocus_RequiredPoints","Tier 1: Mind Focus (staff_step2_focus) - Required Points","config_t_i_e_r1__m_i_n_d_f_o_c_u_s__r_e_q_u_i_r_e_d_p_o_i_n_t_s"
"Staff_Config.cs","Staff","Staff Tree","StaffStreamCastSpeed","Tier1_MagicFlow_EitrBonus","Tier 1: Magic Flow (staff_step2_stream) - Max Eitr Bonus","config_t_i_e_r1__m_a_g_i_c_f_l_o_w__e_i_t_r_b_o_n_u_s"
"Staff_Config.cs","Staff","Staff Tree","StaffStreamRequiredPoints","Tier1_MagicFlow_RequiredPoints","Tier 1: Magic Flow (staff_step2_stream) - Required Points","config_t_i_e_r1__m_a_g_i_c_f_l_o_w__r_e_q_u_i_r_e_d_p_o_i_n_t_s"
"Staff_Config.cs","Staff","Staff Tree","StaffAmpDamage","Tier2_MagicAmplify_DamageBonus","Tier 2: Magic Amplify (staff_step3_amp) - Additional Damage Bonus (%)","config_t_i_e_r2__m_a_g_i_c_a_m_p_l_i_f_y__d_a_m_a_g_e_b_o_n_u_s"
"Staff_Config.cs","Staff","Staff Tree","StaffAmpRequiredPoints","Tier2_MagicAmplify_RequiredPoints","Tier 2: Magic Amplify (staff_step3_amp) - Required Points","config_t_i_e_r2__m_a_g_i_c_a_m_p_l_i_f_y__r_e_q_u_i_r_e_d_p_o_i_n_t_s"
"Staff_Config.cs","Staff","Staff Tree","StaffFrostDamageBonus","Tier3_FrostElement_DamageBonus","Tier 3: Frost Element (staff_Step4_reduction) - Frost Attack Bonus (flat)","config_t_i_e_r3__f_r_o_s_t_e_l_e_m_e_n_t__d_a_m_a_g_e_b_o_n_u_s"
"Staff_Config.cs","Staff","Staff Tree","StaffFrostRequiredPoints","Tier3_FrostElement_RequiredPoints","Tier 3: Frost Element (staff_Step4_reduction) - Required Points","config_t_i_e_r3__f_r_o_s_t_e_l_e_m_e_n_t__r_e_q_u_i_r_e_d_p_o_i_n_t_s"
"Staff_Config.cs","Staff","Staff Tree","StaffFireDamageBonus","Tier3_FireElement_DamageBonus","Tier 3: Fire Element (staff_Step4_range) - Fire Attack Bonus (flat)","config_t_i_e_r3__f_i_r_e_e_l_e_m_e_n_t__d_a_m_a_g_e_b_o_n_u_s"
"Staff_Config.cs","Staff","Staff Tree","StaffFireRequiredPoints","Tier3_FireElement_RequiredPoints","Tier 3: Fire Element (staff_Step4_range) - Required Points","config_t_i_e_r3__f_i_r_e_e_l_e_m_e_n_t__r_e_q_u_i_r_e_d_p_o_i_n_t_s"
"Staff_Config.cs","Staff","Staff Tree","StaffLightningDamageBonus","Tier3_LightningElement_DamageBonus","Tier 3: Lightning Element (staff_Step4_surge) - Lightning Attack Bonus (flat)","config_t_i_e_r3__l_i_g_h_t_n_i_n_g_e_l_e_m_e_n_t__d_a_m_a_g_e_b_o_n_u_s"
"Staff_Config.cs","Staff","Staff Tree","StaffLightningRequiredPoints","Tier3_LightningElement_RequiredPoints","Tier 3: Lightning Element (staff_Step4_surge) - Required Points","config_t_i_e_r3__l_i_g_h_t_n_i_n_g_e_l_e_m_e_n_t__r_e_q_u_i_r_e_d_p_o_i_n_t_s"
"Staff_Config.cs","Staff","Staff Tree","StaffLuckManaChance","Tier4_LuckyMana_Chance","Tier 4: Lucky Mana (staff_step5_archmage) - Zero Eitr Cost Chance (%)","config_t_i_e_r4__l_u_c_k_y_m_a_n_a__c_h_a_n_c_e"
"Staff_Config.cs","Staff","Staff Tree","StaffLuckManaRequiredPoints","Tier4_LuckyMana_RequiredPoints","Tier 4: Lucky Mana (staff_step5_archmage) - Required Points","config_t_i_e_r4__l_u_c_k_y_m_a_n_a__r_e_q_u_i_r_e_d_p_o_i_n_t_s"
"Staff_Config.cs","Staff","Staff Tree","StaffDoubleCastProjectileCount","Tier5_DoubleCast_AdditionalProjectileCount","Tier 5: Double Cast (staff_step6_double_cast) - Additional Projectile Count","config_t_i_e_r5__d_o_u_b_l_e_c_a_s_t__a_d_d_i_t_i_o_n_a_l_p_r_o_j_e_c_t_i_l_e_c_o_u_n_t"
"Staff_Config.cs","Staff","Staff Tree","StaffDoubleCastDamagePercent","Tier5_DoubleCast_ProjectileDamagePercent","Tier 5: Double Cast (staff_step6_double_cast) - Projectile Damage Percent (%)","config_t_i_e_r5__d_o_u_b_l_e_c_a_s_t__p_r_o_j_e_c_t_i_l_e_d_a_m_a_g_e_p_e_r_c_e_n_t"
"Staff_Config.cs","Staff","Staff Tree","StaffDoubleCastAngleOffset","Tier5_DoubleCast_AngleOffset","Tier 5: Double Cast (staff_step6_double_cast) - Projectile Angle Offset (deg)","config_t_i_e_r5__d_o_u_b_l_e_c_a_s_t__a_n_g_l_e_o_f_f_s_e_t"
"Staff_Config.cs","Staff","Staff Tree","StaffDoubleCastEitrCost","Tier5_DoubleCast_EitrCost","Tier 5: Double Cast (staff_step6_double_cast) - Activation Eitr Cost","config_t_i_e_r5__d_o_u_b_l_e_c_a_s_t__e_i_t_r_c_o_s_t"
"Staff_Config.cs","Staff","Staff Tree","StaffDoubleCastCooldown","Tier5_DoubleCast_Cooldown","Tier 5: Double Cast (staff_step6_double_cast) - Cooldown (sec)","config_t_i_e_r5__d_o_u_b_l_e_c_a_s_t__c_o_o_l_d_o_w_n"
"Staff_Config.cs","Staff","Staff Tree","StaffDoubleCastRequiredPoints","Tier5_DoubleCast_RequiredPoints","Tier 5: Double Cast (staff_step6_double_cast) - Required Points","config_t_i_e_r5__d_o_u_b_l_e_c_a_s_t__r_e_q_u_i_r_e_d_p_o_i_n_t_s"
"Staff_Config.cs","Staff","Staff Tree","StaffHealCooldown","Tier5_InstantAreaHeal_Cooldown","Tier 5: Instant Area Heal (staff_step6_heal) - Cooldown (sec)","config_t_i_e_r5__i_n_s_t_a_n_t_a_r_e_a_h_e_a_l__c_o_o_l_d_o_w_n"
"Staff_Config.cs","Staff","Staff Tree","StaffHealEitrCost","Tier5_InstantAreaHeal_EitrCost","Tier 5: Instant Area Heal (staff_step6_heal) - Eitr Cost on Cast","config_t_i_e_r5__i_n_s_t_a_n_t_a_r_e_a_h_e_a_l__e_i_t_r_c_o_s_t"
"Staff_Config.cs","Staff","Staff Tree","StaffHealPercentage","Tier5_InstantAreaHeal_HealPercent","Tier 5: Instant Area Heal (staff_step6_heal) - Heal Percent of Max HP (%)","config_t_i_e_r5__i_n_s_t_a_n_t_a_r_e_a_h_e_a_l__h_e_a_l_p_e_r_c_e_n_t"
"Staff_Config.cs","Staff","Staff Tree","StaffHealRange","Tier5_InstantAreaHeal_Range","Tier 5: Instant Area Heal (staff_step6_heal) - Heal Range (m)","config_t_i_e_r5__i_n_s_t_a_n_t_a_r_e_a_h_e_a_l__r_a_n_g_e"
"Staff_Config.cs","Staff","Staff Tree","StaffHealSelf","Tier5_InstantAreaHeal_SelfHeal","Tier 5: Instant Area Heal (staff_step6_heal) - Allow Self Heal","config_t_i_e_r5__i_n_s_t_a_n_t_a_r_e_a_h_e_a_l__s_e_l_f_h_e_a_l"
"Staff_Config.cs","Staff","Staff Tree","StaffHealRequiredPoints","Tier5_InstantAreaHeal_RequiredPoints","Tier 5: Instant Area Heal (staff_step6_heal) - Required Points","config_t_i_e_r5__i_n_s_t_a_n_t_a_r_e_a_h_e_a_l__r_e_q_u_i_r_e_d_p_o_i_n_t_s"
"Production_Config.cs","Production","Production Tree","ProductionRootRequiredPoints","Tier0_ProductionExpert_RequiredPoints","Tier 0: Production Expert (production_root) - Required Points","config_t_i_e_r0__p_r_o_d_u_c_t_i_o_n_e_x_p_e_r_t__r_e_q_u_i_r_e_d_p_o_i_n_t_s"
"Production_Config.cs","Production","Production Tree","ProductionStep1RequiredPoints","Tier1_NoviceWorker_RequiredPoints","Tier 1: Novice Worker (novice_worker) - Required Points","config_t_i_e_r1__n_o_v_i_c_e_w_o_r_k_e_r__r_e_q_u_i_r_e_d_p_o_i_n_t_s"
"Production_Config.cs","Production","Production Tree","ProductionStep2RequiredPoints","Tier2_Specialization_RequiredPoints","Tier 2: Woodcutting/Gathering/Mining/Crafting Lv2 - Required Points","config_t_i_e_r2__s_p_e_c_i_a_l_i_z_a_t_i_o_n__r_e_q_u_i_r_e_d_p_o_i_n_t_s"
"Production_Config.cs","Production","Production Tree","ProductionStep3RequiredPoints","Tier3_IntermediateSkill_RequiredPoints","Tier 3: Woodcutting/Gathering/Mining/Crafting Lv3 - Required Points","config_t_i_e_r3__i_n_t_e_r_m_e_d_i_a_t_e_s_k_i_l_l__r_e_q_u_i_r_e_d_p_o_i_n_t_s"
"Production_Config.cs","Production","Production Tree","ProductionStep4RequiredPoints","Tier4_AdvancedSkill_RequiredPoints","Tier 4: Woodcutting/Gathering/Mining/Crafting Lv4 - Required Points","config_t_i_e_r4__a_d_v_a_n_c_e_d_s_k_i_l_l__r_e_q_u_i_r_e_d_p_o_i_n_t_s"
"Production_Config.cs","Production","Production Tree","ProductionRootWoodBonusChance","Tier0_ProductionExpert_WoodBonusChance","Tier 0: Production Expert - Wood +1 Chance (%)","config_t_i_e_r0__p_r_o_d_u_c_t_i_o_n_e_x_p_e_r_t__w_o_o_d_b_o_n_u_s_c_h_a_n_c_e"
"Production_Config.cs","Production","Production Tree","NoviceWorkerWoodBonusChance","Tier1_NoviceWorker_WoodBonusChance","Tier 1: Novice Worker - Wood +1 Chance (%)","config_t_i_e_r1__n_o_v_i_c_e_w_o_r_k_e_r__w_o_o_d_b_o_n_u_s_c_h_a_n_c_e"
"Production_Config.cs","Production","Production Tree","WoodcuttingLv2BonusChance","Tier2_WoodcuttingLv2_BonusChance","Tier 2: Woodcutting Lv2 - Wood +1 Chance (%)","config_t_i_e_r2__w_o_o_d_c_u_t_t_i_n_g_l_v2__b_o_n_u_s_c_h_a_n_c_e"
"Production_Config.cs","Production","Production Tree","GatheringLv2BonusChance","Tier2_GatheringLv2_BonusChance","Tier 2: Gathering Lv2 - Item +1 Chance (%)","config_t_i_e_r2__g_a_t_h_e_r_i_n_g_l_v2__b_o_n_u_s_c_h_a_n_c_e"
"Production_Config.cs","Production","Production Tree","MiningLv2BonusChance","Tier2_MiningLv2_BonusChance","Tier 2: Mining Lv2 - Ore +1 Chance (%)","config_t_i_e_r2__m_i_n_i_n_g_l_v2__b_o_n_u_s_c_h_a_n_c_e"
"Production_Config.cs","Production","Production Tree","CraftingLv2UpgradeChance","Tier2_CraftingLv2_UpgradeChance","Tier 2: Crafting Lv2 - Upgrade +1 Chance (%)","config_t_i_e_r2__c_r_a_f_t_i_n_g_l_v2__u_p_g_r_a_d_e_c_h_a_n_c_e"
"Production_Config.cs","Production","Production Tree","CraftingLv2DurabilityBonus","Tier2_CraftingLv2_DurabilityBonus","Tier 2: Crafting Lv2 - Durability Max Increase (%)","config_t_i_e_r2__c_r_a_f_t_i_n_g_l_v2__d_u_r_a_b_i_l_i_t_y_b_o_n_u_s"
"Production_Config.cs","Production","Production Tree","WoodcuttingLv3BonusChance","Tier3_WoodcuttingLv3_BonusChance","Tier 3: Woodcutting Lv3 - Wood +1 Chance (%)","config_t_i_e_r3__w_o_o_d_c_u_t_t_i_n_g_l_v3__b_o_n_u_s_c_h_a_n_c_e"
"Production_Config.cs","Production","Production Tree","GatheringLv3BonusChance","Tier3_GatheringLv3_BonusChance","Tier 3: Gathering Lv3 - Item +1 Chance (%)","config_t_i_e_r3__g_a_t_h_e_r_i_n_g_l_v3__b_o_n_u_s_c_h_a_n_c_e"
"Production_Config.cs","Production","Production Tree","MiningLv3BonusChance","Tier3_MiningLv3_BonusChance","Tier 3: Mining Lv3 - Ore +1 Chance (%)","config_t_i_e_r3__m_i_n_i_n_g_l_v3__b_o_n_u_s_c_h_a_n_c_e"
"Production_Config.cs","Production","Production Tree","CraftingLv3UpgradeChance","Tier3_CraftingLv3_UpgradeChance","Tier 3: Crafting Lv3 - Upgrade +1 Chance (%)","config_t_i_e_r3__c_r_a_f_t_i_n_g_l_v3__u_p_g_r_a_d_e_c_h_a_n_c_e"
"Production_Config.cs","Production","Production Tree","CraftingLv3DurabilityBonus","Tier3_CraftingLv3_DurabilityBonus","Tier 3: Crafting Lv3 - Durability Max Increase (%)","config_t_i_e_r3__c_r_a_f_t_i_n_g_l_v3__d_u_r_a_b_i_l_i_t_y_b_o_n_u_s"
"Production_Config.cs","Production","Production Tree","WoodcuttingLv4BonusChance","Tier4_WoodcuttingLv4_BonusChance","Tier 4: Woodcutting Lv4 - Wood +1 Chance (%)","config_t_i_e_r4__w_o_o_d_c_u_t_t_i_n_g_l_v4__b_o_n_u_s_c_h_a_n_c_e"
"Production_Config.cs","Production","Production Tree","GatheringLv4BonusChance","Tier4_GatheringLv4_BonusChance","Tier 4: Gathering Lv4 - Item +1 Chance (%)","config_t_i_e_r4__g_a_t_h_e_r_i_n_g_l_v4__b_o_n_u_s_c_h_a_n_c_e"
"Production_Config.cs","Production","Production Tree","MiningLv4BonusChance","Tier4_MiningLv4_BonusChance","Tier 4: Mining Lv4 - Ore +1 Chance (%)","config_t_i_e_r4__m_i_n_i_n_g_l_v4__b_o_n_u_s_c_h_a_n_c_e"
"Production_Config.cs","Production","Production Tree","CraftingLv4UpgradeChance","Tier4_CraftingLv4_UpgradeChance","Tier 4: Crafting Lv4 - Upgrade +1 Chance (%)","config_t_i_e_r4__c_r_a_f_t_i_n_g_l_v4__u_p_g_r_a_d_e_c_h_a_n_c_e"
"Production_Config.cs","Production","Production Tree","CraftingLv4DurabilityBonus","Tier4_CraftingLv4_DurabilityBonus","Tier 4: Crafting Lv4 - Durability Max Increase (%)","config_t_i_e_r4__c_r_a_f_t_i_n_g_l_v4__d_u_r_a_b_i_l_i_t_y_b_o_n_u_s"
"Archer_Config.cs","Archer","Archer Job Skills","ArcherMultiShotArrowCount","Archer_MultiShot_ArrowCount","?꾩쿂 硫?곗꺑 - 諛쒖궗???붿궡 ??/ Archer Multishot - Arrows to Fire","config_a_r_c_h_e_r__m_u_l_t_i_s_h_o_t__a_r_r_o_w_c_o_u_n_t"
"Archer_Config.cs","Archer","Archer Job Skills","ArcherMultiShotArrowConsumption","Archer_MultiShot_ArrowConsumption","?꾩쿂 硫?곗꺑 - ?붿궡 ?뚮え??/ Archer Multishot - Arrow Consumption","config_a_r_c_h_e_r__m_u_l_t_i_s_h_o_t__a_r_r_o_w_c_o_n_s_u_m_p_t_i_o_n"
"Archer_Config.cs","Archer","Archer Job Skills","ArcherMultiShotDamagePercent","Archer_MultiShot_DamagePercent","?꾩쿂 硫?곗꺑 - ?붿궡???곕?吏 鍮꾩쑉 (%) / Archer Multishot - Damage Per Arrow (%)","config_a_r_c_h_e_r__m_u_l_t_i_s_h_o_t__d_a_m_a_g_e_p_e_r_c_e_n_t"
"Archer_Config.cs","Archer","Archer Job Skills","ArcherMultiShotCooldown","Archer_MultiShot_Cooldown","?꾩쿂 硫?곗꺑 - 荑⑦???(珥? / Archer Multishot - Cooldown (sec)","config_a_r_c_h_e_r__m_u_l_t_i_s_h_o_t__c_o_o_l_d_o_w_n"
"Archer_Config.cs","Archer","Archer Job Skills","ArcherMultiShotCharges","Archer_MultiShot_Charges","?꾩쿂 硫?곗꺑 - 諛쒖궗 ?뚯닔 / Archer Multishot - Shot Charges","config_a_r_c_h_e_r__m_u_l_t_i_s_h_o_t__c_h_a_r_g_e_s"
"Archer_Config.cs","Archer","Archer Job Skills","ArcherMultiShotStaminaCost","Archer_MultiShot_StaminaCost","?꾩쿂 硫?곗꺑 - ?뚮え ?ㅽ깭誘몃굹 / Archer Multishot - Stamina Cost","config_a_r_c_h_e_r__m_u_l_t_i_s_h_o_t__s_t_a_m_i_n_a_c_o_s_t"
"Archer_Config.cs","Archer","Archer Job Skills","ArcherJumpHeightBonus","Archer_JumpHeightBonus","?꾩쿂 ?⑥떆釉?- ?먰봽 ?믪씠 蹂대꼫??(%) / Archer Passive - Jump Height Bonus (%)","config_a_r_c_h_e_r__j_u_m_p_h_e_i_g_h_t_b_o_n_u_s"
"Archer_Config.cs","Archer","Archer Job Skills","ArcherFallDamageReduction","Archer_FallDamageReduction","?꾩쿂 ?⑥떆釉?- ?숈궗 ?곕?吏 媛먯냼 (%) / Archer Passive - Fall Damage Reduction (%)","config_a_r_c_h_e_r__f_a_l_l_d_a_m_a_g_e_r_e_d_u_c_t_i_o_n"
"Mage_Config.cs","Mage","Mage Job Skills","MageAOERange","Mage_AOE_Range","硫붿씠吏 ?≫떚釉??ㅽ궗 - 踰붿쐞 (m) / Mage Active Skill - Range (m)","config_m_a_g_e__a_o_e__r_a_n_g_e"
"Mage_Config.cs","Mage","Mage Job Skills","MageEitrCost","Mage_Eitr_Cost","硫붿씠吏 ?≫떚釉??ㅽ궗 - Eitr ?뚮え??/ Mage Active Skill - Eitr Cost","config_m_a_g_e__e_i_t_r__c_o_s_t"
"Mage_Config.cs","Mage","Mage Job Skills","MageDamageMultiplier","Mage_Damage_Multiplier","硫붿씠吏 ?≫떚釉??ㅽ궗 - 怨듦꺽 ?곕?吏 諛곗닔 (%) / Mage Active Skill - Damage Multiplier (%)","config_m_a_g_e__d_a_m_a_g_e__m_u_l_t_i_p_l_i_e_r"
"Mage_Config.cs","Mage","Mage Job Skills","MageCooldown","Mage_Cooldown","硫붿씠吏 ?≫떚釉??ㅽ궗 - 荑⑦???(珥? / Mage Active Skill - Cooldown (sec)","config_m_a_g_e__c_o_o_l_d_o_w_n"
"Mage_Config.cs","Mage","Mage Job Skills","MageVFXName","Mage_VFX_Name","硫붿씠吏 ?≫떚釉??ㅽ궗 - VFX ?④낵紐?/ Mage Active Skill - VFX Effect Name","config_m_a_g_e__v_f_x__n_a_m_e"
"Mage_Config.cs","Mage","Mage Job Skills","MageElementalResistance","Mage_Elemental_Resistance","硫붿씠吏 ?⑥떆釉?- 留덈쾿 ?띿꽦 ???(%) - ?붿뿼/?됯린/踰덇컻/???곹샎 (臾쇰━ ?쒖쇅) / Mage Passive - Elemental Resistance (%) - Fire/Frost/Lightning/Poison/Spirit (Physical excluded)","config_m_a_g_e__e_l_e_m_e_n_t_a_l__r_e_s_i_s_t_a_n_c_e"
"Tanker_Config.cs","Tanker","Tanker Job Skills","TankerTauntCooldown","Tanker_Taunt_Cooldown","?꾩옣???⑥꽦 - 荑⑦???(珥? / War Cry - Cooldown (sec)","config_t_a_n_k_e_r__t_a_u_n_t__c_o_o_l_d_o_w_n"
"Tanker_Config.cs","Tanker","Tanker Job Skills","TankerTauntStaminaCost","Tanker_Taunt_StaminaCost","?꾩옣???⑥꽦 - ?ㅽ깭誘몃굹 ?뚮え / War Cry - Stamina Cost","config_t_a_n_k_e_r__t_a_u_n_t__s_t_a_m_i_n_a_c_o_s_t"
"Tanker_Config.cs","Tanker","Tanker Job Skills","TankerTauntRange","Tanker_Taunt_Range","?꾩옣???⑥꽦 - ?꾨컻 踰붿쐞 (m) / War Cry - Taunt Range (m)","config_t_a_n_k_e_r__t_a_u_n_t__r_a_n_g_e"
"Tanker_Config.cs","Tanker","Tanker Job Skills","TankerTauntDuration","Tanker_Taunt_Duration","?꾩옣???⑥꽦 - ?쇰컲 紐ъ뒪???꾨컻 吏?띿떆媛?(珥? / War Cry - Normal Monster Taunt Duration (sec)","config_t_a_n_k_e_r__t_a_u_n_t__d_u_r_a_t_i_o_n"
"Tanker_Config.cs","Tanker","Tanker Job Skills","TankerTauntBossDuration","Tanker_Taunt_BossDuration","?꾩옣???⑥꽦 - 蹂댁뒪 ?꾨컻 吏?띿떆媛?(珥? / War Cry - Boss Taunt Duration (sec)","config_t_a_n_k_e_r__t_a_u_n_t__b_o_s_s_d_u_r_a_t_i_o_n"
"Tanker_Config.cs","Tanker","Tanker Job Skills","TankerTauntDamageReduction","Tanker_Taunt_DamageReduction","?꾩옣???⑥꽦 - ?먯떊??諛쏅뒗 ?쇳빐 媛먯냼 (%) / War Cry - Self Damage Reduction (%)","config_t_a_n_k_e_r__t_a_u_n_t__d_a_m_a_g_e_r_e_d_u_c_t_i_o_n"
"Tanker_Config.cs","Tanker","Tanker Job Skills","TankerTauntBuffDuration","Tanker_Taunt_BuffDuration","?꾩옣???⑥꽦 - ?쇳빐 媛먯냼 踰꾪봽 吏?띿떆媛?(珥? / War Cry - Damage Reduction Buff Duration (sec)","config_t_a_n_k_e_r__t_a_u_n_t__b_u_f_f_d_u_r_a_t_i_o_n"
"Tanker_Config.cs","Tanker","Tanker Job Skills","TankerTauntEffectHeight","Tanker_Taunt_EffectHeight","?꾩옣???⑥꽦 - 紐ъ뒪??癒몃━??taunt ?④낵 ?믪씠 (m) / War Cry - Taunt Effect Height Above Monster (m)","config_t_a_n_k_e_r__t_a_u_n_t__e_f_f_e_c_t_h_e_i_g_h_t"
"Tanker_Config.cs","Tanker","Tanker Job Skills","TankerTauntEffectScale","Tanker_Taunt_EffectScale","?꾩옣???⑥꽦 - taunt ?④낵 ?ш린 諛곗쑉 (30% ?ш린) / War Cry - Taunt Effect Scale (30% size)","config_t_a_n_k_e_r__t_a_u_n_t__e_f_f_e_c_t_s_c_a_l_e"
"Tanker_Config.cs","Tanker","Tanker Job Skills","TankerPassiveDamageReduction","Tanker_Passive_DamageReduction","?깆빱 ?⑥떆釉?- 諛쏅뒗 ?쇳빐??媛먯냼 (%) / Tanker Passive - Damage Taken Reduction (%)","config_t_a_n_k_e_r__p_a_s_s_i_v_e__d_a_m_a_g_e_r_e_d_u_c_t_i_o_n"
"Rogue_Config.cs","Rogue","Rogue Job Skills","RogueShadowStrikeCooldown","Rogue_ShadowStrike_Cooldown","洹몃┝???쇨꺽 - 荑⑦???(珥? / Shadow Strike - Cooldown (sec)","config_r_o_g_u_e__s_h_a_d_o_w_s_t_r_i_k_e__c_o_o_l_d_o_w_n"
"Rogue_Config.cs","Rogue","Rogue Job Skills","RogueShadowStrikeStaminaCost","Rogue_ShadowStrike_StaminaCost","洹몃┝???쇨꺽 - ?ㅽ깭誘몃굹 ?뚮え / Shadow Strike - Stamina Cost","config_r_o_g_u_e__s_h_a_d_o_w_s_t_r_i_k_e__s_t_a_m_i_n_a_c_o_s_t"
"Rogue_Config.cs","Rogue","Rogue Job Skills","RogueShadowStrikeAttackBonus","Rogue_ShadowStrike_AttackBonus","洹몃┝???쇨꺽 - 怨듦꺽??利앷? (%) / Shadow Strike - Attack Power Increase (%)","config_r_o_g_u_e__s_h_a_d_o_w_s_t_r_i_k_e__a_t_t_a_c_k_b_o_n_u_s"
"Rogue_Config.cs","Rogue","Rogue Job Skills","RogueShadowStrikeBuffDuration","Rogue_ShadowStrike_BuffDuration","洹몃┝???쇨꺽 - 怨듦꺽??踰꾪봽 吏?띿떆媛?(珥? / Shadow Strike - Attack Buff Duration (sec)","config_r_o_g_u_e__s_h_a_d_o_w_s_t_r_i_k_e__b_u_f_f_d_u_r_a_t_i_o_n"
"Rogue_Config.cs","Rogue","Rogue Job Skills","RogueShadowStrikeSmokeScale","Rogue_ShadowStrike_SmokeScale","洹몃┝???쇨꺽 - ?곕쭑 ?④낵 ?ш린 諛곗쑉 / Shadow Strike - Smoke Effect Scale","config_r_o_g_u_e__s_h_a_d_o_w_s_t_r_i_k_e__s_m_o_k_e_s_c_a_l_e"
"Rogue_Config.cs","Rogue","Rogue Job Skills","RogueShadowStrikeAggroRange","Rogue_ShadowStrike_AggroRange","洹몃┝???쇨꺽 - ?닿렇濡??쒓굅 踰붿쐞 (m) / Shadow Strike - Aggro Clear Range (m)","config_r_o_g_u_e__s_h_a_d_o_w_s_t_r_i_k_e__a_g_g_r_o_r_a_n_g_e"
"Rogue_Config.cs","Rogue","Rogue Job Skills","RogueShadowStrikeStealthDuration","Rogue_ShadowStrike_StealthDuration","洹몃┝???쇨꺽 - ?ㅽ뀛??吏?띿떆媛?(珥? / Shadow Strike - Stealth Duration (sec)","config_r_o_g_u_e__s_h_a_d_o_w_s_t_r_i_k_e__s_t_e_a_l_t_h_d_u_r_a_t_i_o_n"
"Rogue_Config.cs","Rogue","Rogue Job Skills","RogueAttackSpeedBonus","Rogue_AttackSpeed_Bonus","濡쒓렇 ?⑥떆釉?- 怨듦꺽 ?띾룄 蹂대꼫??(%) / Rogue Passive - Attack Speed Bonus (%)","config_r_o_g_u_e__a_t_t_a_c_k_s_p_e_e_d__b_o_n_u_s"
"Rogue_Config.cs","Rogue","Rogue Job Skills","RogueStaminaReduction","Rogue_Stamina_Reduction","濡쒓렇 ?⑥떆釉?- 怨듦꺽 ???ㅽ깭誘몃굹 ?ъ슜??媛먯냼 (%) / Rogue Passive - Attack Stamina Usage Reduction (%)","config_r_o_g_u_e__s_t_a_m_i_n_a__r_e_d_u_c_t_i_o_n"
"Rogue_Config.cs","Rogue","Rogue Job Skills","RogueElementalResistanceDebuff","Rogue_ElementalResistance_Debuff","濡쒓렇 ?⑥떆釉?- ?띿꽦 ???利앷? (%) - ?띿꽦 ?쇳빐 媛먯냼 / Rogue Passive - Elemental Resistance Increase (%) - Reduce Elemental Damage","config_r_o_g_u_e__e_l_e_m_e_n_t_a_l_r_e_s_i_s_t_a_n_c_e__d_e_b_u_f_f"
"Paladin_Config.cs","Paladin","Paladin Job Skills","PaladinHealCooldown","Paladin_Active_Cooldown","?깃린???좎꽦??移섏쑀 荑⑦???(珥? / Paladin Holy Healing - Cooldown (sec)","config_p_a_l_a_d_i_n__a_c_t_i_v_e__c_o_o_l_d_o_w_n"
"Paladin_Config.cs","Paladin","Paladin Job Skills","PaladinHealRange","Paladin_Active_Range","?깃린???좎꽦??移섏쑀 踰붿쐞 (誘명꽣) / Paladin Holy Healing - Range (m)","config_p_a_l_a_d_i_n__a_c_t_i_v_e__r_a_n_g_e"
"Paladin_Config.cs","Paladin","Paladin Job Skills","PaladinHealEitrCost","Paladin_Active_EitrCost","?깃린???좎꽦??移섏쑀 ?먯씠?몃Ⅴ ?뚮え??/ Paladin Holy Healing - Eitr Cost","config_p_a_l_a_d_i_n__a_c_t_i_v_e__e_i_t_r_c_o_s_t"
"Paladin_Config.cs","Paladin","Paladin Job Skills","PaladinHealStaminaCost","Paladin_Active_StaminaCost","?깃린???좎꽦??移섏쑀 ?ㅽ깭誘몃굹 ?뚮え??/ Paladin Holy Healing - Stamina Cost","config_p_a_l_a_d_i_n__a_c_t_i_v_e__s_t_a_m_i_n_a_c_o_s_t"
"Paladin_Config.cs","Paladin","Paladin Job Skills","PaladinHealSelfPercent","Paladin_Active_SelfHealPercent","?깃린???먭? 移섏쑀 鍮꾩쑉 (理쒕? 泥대젰??%) / Paladin Self Heal Ratio (% of Max HP)","config_p_a_l_a_d_i_n__a_c_t_i_v_e__s_e_l_f_h_e_a_l_p_e_r_c_e_n_t"
"Paladin_Config.cs","Paladin","Paladin Job Skills","PaladinHealAllyPercentOverTime","Paladin_Active_AllyHealPercentOverTime","?깃린???꾧뎔 吏??移섏쑀 鍮꾩쑉 (理쒕? 泥대젰??%, 留ㅼ큹) / Paladin Ally HoT Ratio (% of Max HP, per sec)","config_p_a_l_a_d_i_n__a_c_t_i_v_e__a_l_l_y_h_e_a_l_p_e_r_c_e_n_t_o_v_e_r_t_i_m_e"
"Paladin_Config.cs","Paladin","Paladin Job Skills","PaladinHealDuration","Paladin_Active_Duration","?깃린??吏??移섏쑀 吏???쒓컙 (珥? / Paladin HoT Duration (sec)","config_p_a_l_a_d_i_n__a_c_t_i_v_e__d_u_r_a_t_i_o_n"
"Paladin_Config.cs","Paladin","Paladin Job Skills","PaladinHealInterval","Paladin_Active_Interval","?깃린??吏??移섏쑀 媛꾧꺽 (珥? / Paladin HoT Interval (sec)","config_p_a_l_a_d_i_n__a_c_t_i_v_e__i_n_t_e_r_v_a_l"
"Paladin_Config.cs","Paladin","Paladin Job Skills","PaladinElementalResistanceReduction","Paladin_Passive_ElementalResistanceReduction","?깃린??臾쇰━ 諛??띿꽦 ???媛먯냼 鍮꾩쑉 (%) / Paladin Physical & Elemental Resistance Reduction (%)","config_p_a_l_a_d_i_n__p_a_s_s_i_v_e__e_l_e_m_e_n_t_a_l_r_e_s_i_s_t_a_n_c_e_r_e_d_u_c_t_i_o_n"
"Berserker_Config.cs","Berserker","Berserker Job Skills","BerserkerRageCooldown","Beserker_Active_Cooldown","Berserker Rage cooldown (seconds)","config_b_e_s_e_r_k_e_r__a_c_t_i_v_e__c_o_o_l_d_o_w_n"
"Berserker_Config.cs","Berserker","Berserker Job Skills","BerserkerRageStaminaCost","Beserker_Active_StaminaCost","Berserker Rage stamina cost","config_b_e_s_e_r_k_e_r__a_c_t_i_v_e__s_t_a_m_i_n_a_c_o_s_t"
"Berserker_Config.cs","Berserker","Berserker Job Skills","BerserkerRageDuration","Beserker_Active_Duration","Berserker Rage duration (seconds)","config_b_e_s_e_r_k_e_r__a_c_t_i_v_e__d_u_r_a_t_i_o_n"
"Berserker_Config.cs","Berserker","Berserker Job Skills","BerserkerRageDamagePerHealthPercent","Beserker_Active_DamagePerHealthPercent","Damage increase per 1% health (%) - Lower health = higher damage","config_b_e_s_e_r_k_e_r__a_c_t_i_v_e__d_a_m_a_g_e_p_e_r_h_e_a_l_t_h_p_e_r_c_e_n_t"
"Berserker_Config.cs","Berserker","Berserker Job Skills","BerserkerRageMaxDamageBonus","Beserker_Active_MaxDamageBonus","Maximum damage bonus cap (%)","config_b_e_s_e_r_k_e_r__a_c_t_i_v_e__m_a_x_d_a_m_a_g_e_b_o_n_u_s"
"Berserker_Config.cs","Berserker","Berserker Job Skills","BerserkerRageHealthThreshold","Beserker_Active_HealthThreshold","Health threshold for effect activation (%)","config_b_e_s_e_r_k_e_r__a_c_t_i_v_e__h_e_a_l_t_h_t_h_r_e_s_h_o_l_d"
"Berserker_Config.cs","Berserker","Berserker Job Skills","BerserkerPassiveHealthThreshold","Beserker_Passive_HealthThreshold","Passive activation health threshold (%) - Triggers invincibility below this HP","config_b_e_s_e_r_k_e_r__p_a_s_s_i_v_e__h_e_a_l_t_h_t_h_r_e_s_h_o_l_d"
"Berserker_Config.cs","Berserker","Berserker Job Skills","BerserkerPassiveInvincibilityDuration","Beserker_Passive_InvincibilityDuration","Invincibility duration (seconds)","config_b_e_s_e_r_k_e_r__p_a_s_s_i_v_e__i_n_v_i_n_c_i_b_i_l_i_t_y_d_u_r_a_t_i_o_n"
"Berserker_Config.cs","Berserker","Berserker Job Skills","BerserkerPassiveCooldown","Beserker_Passive_Cooldown","Passive skill cooldown (seconds) - Default: 3 minutes","config_b_e_s_e_r_k_e_r__p_a_s_s_i_v_e__c_o_o_l_d_o_w_n"
